Customer_ID,Age,Number_of_Previous_Jobs,Income_Level,Subscription_Years,Has_Mobile_App,Purchase_Count,Review_Rating,Annual_Spend,Education_Years
1,86.67482582259069,15.0,High,0.84,0,8.176448825366272,5,44208.19,14.0
2,86.045678403344,15.0,Low,2.9,0,3.1684917004455473,3,14373.85,
3,91.36430249543636,14.272860499087273,Medium,3.57,1,6.3045796357376425,4,31689.01,20.0
4,92.06475726486902,12.412951452973804,Low,1.5,1,2.3286601215177316,5,26693.14,
5,85.31586144825641,12.063172289651282,Low,1.9,0,4.877547522946575,3,12150.15,
6,94.3621224624369,15.0,Low,0.45,0,1.543761528439935,3,18146.82,
7,85.51971283651473,13.103942567302946,Medium,1.81,0,4.473306241925717,3,21844.77,12.0
8,90.41296335301071,15.0,Low,16.99,0,4.328241952640038,5,21587.51,
9,92.09060519450917,15.0,Low,14.48,0,4.094698529980812,1,12083.58,
10,93.70969123746086,13.741938247492172,Low,2.04,1,3.584729938500138,3,20376.58,
11,32.68291153593769,0.5365823071875383,High,4.23,1,6.366727752185813,4,31236.22,11.0
12,32.671351232148716,1.534270246429743,Low,12.02,1,5.865286135891367,4,6673.71,
13,36.20981135783017,5.241962271566034,Low,0.03,0,3.082003354428616,3,10135.31,
14,25.43359877671101,1.0867197553422017,Low,8.32,0,3.6984415285308554,4,2887.71,
15,26.375410837434835,3.275082167486967,Low,14.82,1,2.6556383377793136,2,4329.61,
16,32.188562353795135,3.4377124707590268,Medium,0.48,1,5.716149415345283,3,12537.35,9.0
17,29.93584439832788,1.987168879665576,Medium,0.88,0,3.0953248818058117,4,19576.06,12.0
18,36.57123666297637,4.314247332595274,Low,16.19,1,0.5228868205455448,5,14674.51,
19,30.459879622393945,2.091975924478789,Low,3.86,1,0.3907314135328328,3,3303.25,
20,27.938481493323543,1.5876962986647087,Medium,0.07,0,3.231547438803236,5,11005.43,13.0
21,42.32824384460777,4.465648768921554,Low,1.49,1,4.394281975298902,4,6401.24,
22,,3.7742236995134646,Medium,2.99,1,4.005810265643659,1,20072.13,9.0
23,35.337641023439616,2.0675282046879233,Medium,5.9,1,3.294707405948607,4,15291.19,13.0
24,27.87625906893272,1.5752518137865437,Medium,6.61,0,5.748040642895805,1,16888.32,15.0
25,32.27808637737409,3.4556172754748173,Low,26.93,1,3.0822105509209345,5,6636.76,
26,35.554612948549334,3.1109225897098667,Low,1.69,1,4.542013229553475,5,7217.92,
27,29.245032112888488,0.0,High,3.86,1,4.450972810751708,3,31186.57,7.0
28,36.87849009172836,2.375698018345672,Low,3.81,0,4.972630250663058,3,7353.72,9.0
29,31.996806550405974,2.399361310081195,Medium,2.6,0,6.985357191898787,3,16955.88,20.0
30,33.54153125103362,2.7083062502067237,Low,0.93,1,3.6441819915089293,3,4723.04,
31,31.991466938853016,1.3982933877706032,Medium,18.96,0,3.369127537218194,3,17501.37,9.0
32,44.26139092254469,2.8522781845089384,Low,9.6,1,2.060406392169783,3,9736.78,
33,34.93251387631033,5.986502775262066,Low,3.45,0,8.497826125027132,4,10433.59,
34,29.711445355220498,1.9422890710440996,Low,4.62,0,5.679030752591947,2,1071.61,
35,39.11272456051594,2.8225449121031887,Medium,1.29,1,3.7885115146350596,5,22923.43,20.0
36,28.895781750144888,1.7791563500289775,Medium,3.92,1,2.87138184160344,5,16215.15,11.0
37,36.04431797502378,1.2088635950047562,Low,5.94,1,4.935546566135884,3,4737.56,
38,25.201649380601122,1.0403298761202244,Low,3.62,0,0.10265196808188887,5,6507.45,
39,28.359069755507846,0.6718139511015693,Medium,23.17,1,6.850501496822105,2,9677.5,13.0
40,,4.1968612358691235,Low,4.73,0,3.5503995358744387,1,-2009.69,
41,38.69233289997705,5.738466579995411,Low,2.32,0,0.0341270578267146,4,11409.64,6.0
42,35.85684140594985,3.17136828118997,Low,7.4,1,3.047551794216393,3,3064.62,
43,34.4217585880588,0.8843517176117601,Low,0.93,0,6.872166762366108,4,6075.13,
44,33.494481522053555,2.698896304410711,Low,2.43,1,4.0719563219724995,5,6506.75,
45,27.607390048162863,1.5214780096325726,Low,2.13,0,1.4928686281959194,5,6751.51,
46,31.400778958026457,3.2801557916052912,Low,2.83,1,4.2236729016919545,4,4762.45,17.0
47,32.696806145201066,5.539361229040213,Low,7.61,0,1.8566856728401784,5,12376.61,
48,40.285611131094576,4.057122226218915,Low,3.31,0,4.4646742396864205,1,2285.61,
49,36.718091447842305,4.343618289568461,Low,7.9,1,7.951704649890678,2,9487.28,15.0
50,26.18479922318633,2.2369598446372665,Low,4.3,0,1.1063239220082872,4,8654.77,
51,36.620419846973974,3.3240839693947946,Medium,2.09,1,3.876048583758732,3,13900.74,20.0
52,33.07458859791842,5.614917719583684,Low,8.3,0,1.7761497811899611,3,5574.35,14.0
53,31.615389998470206,2.3230779996940414,Low,1.36,0,4.478598502090802,3,5881.12,
54,38.058381444204336,6.611676288840867,Low,1.27,0,3.482719863938704,4,10136.5,
55,40.154997612479754,2.030999522495951,Low,3.51,1,2.541978092314712,2,7852.4,
56,39.65640059558099,2.931280119116198,Low,1.51,1,4.417943191562111,4,8491.18,
57,30.803912383886807,1.1607824767773613,Low,0.05,1,3.4484705618135596,2,297.51,
58,33.45393812074393,2.6907876241487854,Medium,5.22,1,7.690927338057548,1,14613.45,20.0
59,36.65631715701782,2.3312634314035634,Low,3.58,1,3.0850713443840814,3,4621.74,
60,39.877725635611796,2.975545127122359,High,2.95,0,5.61162000111271,2,21607.93,8.0
61,,0.5208257621547105,Low,17.05,0,2.7836520608640996,5,9691.66,
62,34.07170511668092,3.8143410233361834,Low,4.23,1,4.733391932409381,1,612.01,
63,29.46832512996986,2.893665025993972,Low,9.95,0,6.743243963230354,2,1518.5,
64,29.018966879596647,0.0,Low,0.75,0,1.409969504526354,4,5821.86,
65,39.06262911197099,2.8125258223941985,Low,4.21,0,3.316306033623407,3,1151.58,
66,41.78120014285412,4.356240028570824,Medium,10.12,0,4.837009800898991,1,14773.36,12.0
67,34.63994939209833,5.927989878419666,Low,4.37,1,5.780260230298927,1,1977.87,
68,40.01766448946012,3.0035328978920233,High,6.33,0,4.266222717192621,5,32371.87,10.0
69,36.808180125238174,4.361636025047635,Medium,2.33,1,3.5604155114052514,4,17500.36,16.0
70,31.77440122697438,0.35488024539487595,Low,0.49,1,0.5535808527152485,3,-715.71,
71,36.80697802754207,3.3613956055084144,Low,3.06,0,6.721423593391952,3,5588.28,
72,42.690182832329846,3.538036566465969,Low,2.51,1,3.792168721766065,3,7949.83,
73,34.82086980445024,1.964173960890048,Low,10.09,0,2.6498657972823816,3,5879.92,
74,42.82321827907003,4.564643655814007,Low,1.4,0,4.730967328695154,4,10931.3,
75,21.901274479551276,0.3802548959102552,Low,17.02,0,3.8082213115839805,5,9876.31,
76,39.10951252187612,2.821902504375224,Low,15.87,1,4.571020472112836,2,4577.86,
77,35.435235341190854,2.0870470682381708,Low,1.42,1,4.591926037007227,5,12373.4,
78,33.50496324767066,1.7009926495341319,High,2.14,1,6.248932105960267,2,28445.74,8.0
79,35.458803882677515,2.091760776535503,Medium,11.3,0,5.3947293844207,2,11993.38,16.0
80,25.062155426995538,2.0124310853991076,High,17.0,0,3.6956930764735865,1,24834.18,16.0
81,33.90164056081244,2.7803281121624877,Low,2.93,0,5.300395327636321,2,4581.26,
82,,6.357112571511746,Low,1.94,1,4.562833572919341,5,12612.65,
83,42.38947022370758,3.4778940447415168,Low,3.73,0,2.056176520308668,3,6482.28,
84,32.40864890863176,3.481729781726352,Low,5.82,0,1.9355460133760316,1,460.76,
85,30.95753198553406,2.1915063971068123,Low,1.6,1,3.36500953223888,5,12524.29,
86,32.491214782077314,3.4982429564154627,Medium,6.67,1,5.460618702104852,5,14193.79,8.0
87,39.57701058851037,4.915402117702074,Medium,0.27,1,6.432753095905261,5,17913.79,12.0
88,36.64375554829842,4.3287511096596845,Low,0.25,0,7.182284096123216,5,12007.1,
89,32.351198981164806,0.4702397962329613,Low,2.44,0,2.316169419679878,2,8769.61,12.0
90,37.56633716556678,4.513267433113356,Low,2.18,0,2.7831257292875256,5,10955.31,
91,35.4853877467402,3.0970775493480405,Low,1.9,1,3.127490501466195,4,7846.74,
92,39.84322495266444,2.9686449905328884,Low,3.38,1,2.4535847638062886,5,9096.05,
93,31.489734530613237,2.2979469061226476,Low,1.93,1,3.2877455413114314,5,9942.16,
94,33.36168926701116,3.6723378534022317,Low,1.07,1,5.637611629379224,3,5060.44,
95,33.03945923433921,0.6078918468678424,High,1.85,0,4.307465115644997,5,31344.3,12.0
96,27.682425259339407,1.5364850518678814,Low,18.43,0,5.307958455838068,3,2609.5,
97,36.48060138532288,1.2961202770645754,Medium,2.65,0,6.506483329990284,3,12693.78,14.0
98,36.30527636089945,1.2610552721798896,Low,2.94,0,2.8180515481789596,2,4301.9,
99,,3.005113456642461,Low,4.3,0,1.8349290258954878,5,9490.63,
100,33.82706433312426,1.7654128666248525,Low,20.47,0,6.088173928170954,3,9668.56,
101,,0.0,Low,1.38,0,3.1335136793646337,4,3792.44,
102,32.89677338617321,1.5793546772346416,Low,5.72,0,1.1055834347410944,3,4037.02,
103,33.286427417366156,2.657285483473231,Medium,6.29,1,7.338285683819395,5,22434.83,13.0
104,30.988613653891903,3.1977227307783807,Medium,4.67,1,4.563403510860493,3,19612.99,8.0
105,34.19357144166995,4.838714288333991,Low,0.46,0,0.14505173325934173,5,10262.85,
106,37.02025428407269,3.4040508568145382,Low,5.65,1,5.96075292870838,5,8643.36,
107,44.43092950605265,4.8861859012105295,High,0.33,0,3.689757941814073,3,30467.13,17.0
108,35.872889064159196,3.1745778128318394,Low,4.53,0,1.9492747177277856,3,-354.62,
109,36.28775195361382,1.257550390722764,Low,6.73,1,3.6243435848811303,4,4474.25,
110,34.62777042116917,2.9255540842338332,Low,1.18,0,3.4708869120133525,5,9230.24,
111,25.406143923504793,2.0812287847009587,Medium,9.21,0,3.7745722568166045,5,16538.27,18.0
112,34.867430622753915,1.9734861245507829,High,0.15,0,5.853013349835019,2,30843.71,8.0
113,35.30115104970513,7.060230209941027,Low,9.28,0,3.4992846402345084,5,8474.62,
114,47.316210562426434,4.463242112485287,Medium,3.08,0,7.5548064330946225,3,15285.07,13.0
115,34.03819517609439,3.807639035218878,Medium,1.23,0,2.7176281001228504,4,17831.67,13.0
116,36.50773671166806,2.301547342333612,Low,0.72,0,5.918391220254501,5,16817.34,
117,34.82644115147378,1.965288230294756,Low,15.32,1,5.480651046695621,2,3013.24,
118,29.15660981190234,2.8313219623804677,Low,0.38,1,2.0938838189402613,5,,
119,40.7141140725751,5.14282281451502,High,1.11,0,5.308038780312425,4,35683.6,9.0
120,38.75966516343387,4.751933032686774,Low,2.14,1,5.295714447865358,5,8037.08,
121,38.95515973521523,2.7910319470430465,Medium,4.84,0,3.8653656446411597,2,18609.3,17.0
122,30.453062726026303,6.090612545205261,Low,3.94,0,4.275241015141594,3,-646.51,
123,42.013971554680495,2.402794310936099,Medium,0.67,0,2.9978042082761713,5,19179.61,6.0
124,27.990744686038596,0.5981489372077192,Low,1.71,0,0.6797094060943067,1,664.49,
125,37.93428546900135,5.586857093800271,Low,1.36,1,2.331988076156295,2,5040.33,
126,45.952278129049894,3.190455625809979,Medium,1.2,1,6.636342795911849,5,15276.01,7.0
127,30.04731837434656,5.009463674869312,Medium,2.65,1,1.118705039195424,3,18067.68,11.0
128,32.16851135198614,2.433702270397228,Medium,6.09,1,5.801800757010979,5,19676.36,17.0
129,35.498256825438204,2.0996513650876407,Low,1.23,0,1.674194258107011,2,7468.15,
130,,0.49652434588380034,Medium,2.28,1,6.50227103567561,3,19335.63,16.0
131,27.246682844669337,0.0,Low,2.48,0,1.0877782278896486,5,5227.65,
132,35.34281487403014,5.068562974806028,Low,18.74,0,1.155310799750047,4,-414.5,
133,29.688481431369475,1.937696286273895,Low,15.47,1,6.759028821483715,4,9376.79,
134,37.36796215317591,3.4735924306351817,Low,8.05,0,4.5047433595275885,4,6614.44,
135,30.402878828830985,1.0805757657661972,Low,1.38,1,4.049845080157271,5,4681.07,
136,42.7496720250877,2.5499344050175394,High,0.35,1,2.0970726780984545,2,32278.83,12.0
137,31.083733538318814,2.216746707663763,Low,1.91,1,0.8396707382486264,3,,
138,33.38969241897162,1.677938483794324,Medium,1.55,1,3.8024311457761217,2,13351.22,19.0
139,39.06758608684835,4.81351721736967,Low,3.53,1,2.9514350494428747,4,10666.87,
140,28.845678417830225,0.0,Low,7.52,0,2.2783049632410406,3,806.63,
141,36.13729967302065,2.2274599346041297,Low,9.77,1,5.996756785990474,3,167.19,
142,41.53571377141214,3.3071427542824283,High,9.32,1,5.9224919888537135,3,34048.96,14.0
143,26.96258382719386,3.392516765438772,Medium,2.23,0,2.4032005191720276,1,13030.74,9.0
144,35.92316929266152,4.184633858532304,High,5.81,1,3.8151496393494697,1,26787.53,18.0
145,36.29941397124212,3.2598827942484236,High,1.88,1,6.09939408956143,4,37378.54,12.0
146,38.909114358886555,3.781822871777311,Low,0.31,0,3.674645343038094,3,488.36,
147,28.81524644560959,1.7630492891219176,Low,6.05,0,4.234748595741008,5,4072.96,
148,28.397716934578618,1.6795433869157237,Medium,0.05,1,2.0377710274789527,4,14050.94,8.0
149,37.60970782808449,3.5219415656168978,Low,2.63,0,2.3622589009424217,1,2452.75,
150,36.48492336616593,2.296984673233186,Low,2.0,1,3.026241098656602,4,11693.05,
151,36.252464251729386,1.2504928503458772,Low,5.91,0,1.2043122825424644,1,3398.09,15.0
152,36.73224104748488,5.346448209496975,Low,7.27,1,5.208129860495281,5,8767.59,10.0
153,31.599876392107547,0.3199752784215093,Low,1.81,1,1.3383200727855045,5,4509.95,
154,36.16126848580502,4.232253697161004,Low,8.35,1,2.279946492628305,4,10492.15,8.0
155,36.46536236649341,2.2930724732986816,Low,1.74,0,1.5277700785353154,4,3883.15,
156,31.42824290986816,2.285648581973632,Low,2.96,1,1.5777674689725296,2,-538.19,
157,44.328872555723784,4.865774511144757,Low,6.49,0,3.1937519207067693,3,5665.0,14.0
158,37.36916460455894,6.4738329209117875,Low,5.9,1,5.199815723105016,5,9963.41,
159,29.043482513986756,0.8086965027973513,Medium,21.86,1,5.9216958832848485,2,10648.27,19.0
160,38.28276804316915,2.6565536086338297,Low,1.28,1,4.667616985529378,3,7777.61,
161,30.126591648863393,5.025318329772679,Low,5.43,1,0.8392755048899825,3,3176.39,
162,38.93542301871226,2.7870846037424513,Medium,4.7,1,5.3579485996243434,4,20945.39,15.0
163,40.79297789503702,3.158595579007404,Low,12.33,0,6.849824459204592,3,7673.93,19.0
164,30.89658840824145,3.17931768164829,Low,0.85,0,7.961695017184823,5,13553.76,15.0
165,,1.963376129244321,Medium,6.97,0,5.9517058807768235,1,12636.69,10.0
166,37.063904634682494,2.412780926936499,Low,4.2,1,4.009701589739418,3,7944.69,
167,39.11030079997245,1.82206015999449,Medium,1.61,1,5.687184027488584,4,12461.63,18.0
168,44.48396491326974,2.8967929826539476,Medium,3.22,0,4.229373253459743,2,24571.77,17.0
169,33.77305941998565,3.75461188399713,Medium,2.03,1,3.0934730748968393,4,19136.45,17.0
170,31.23131917821255,3.24626383564251,Low,4.33,1,3.38651460916337,2,2357.34,
171,30.552427851872384,1.1104855703744767,Low,10.99,1,4.785743102133065,1,,
172,30.920948575172808,2.1841897150345617,Low,4.21,0,3.9108287154886696,2,2443.12,
173,34.61449145292948,0.9228982905858956,Low,4.99,0,2.497454367610478,5,14443.01,
174,36.70575987408322,1.341151974816644,Low,3.66,0,3.7194930225666294,4,,
175,36.3834539966501,5.276690799330019,Low,0.26,0,5.953668174073952,5,7946.74,
176,39.13591624518012,2.827183249036024,Low,1.33,0,3.840504291682383,3,2110.74,
177,35.065009459389536,5.013001891877908,Low,3.39,1,3.1507483443052173,4,10601.32,
178,,6.453534077157317,Low,1.86,1,6.475882083307752,3,8969.18,
179,33.67671583381022,4.7353431667620445,Low,1.0,1,2.232238863954408,5,10854.46,
180,48.600845832948096,5.720169166589619,Medium,3.51,1,0.0647344280087343,4,19468.94,17.0
181,38.128336738825034,3.625667347765007,Low,1.95,0,0.8319848563322938,4,6726.82,
182,30.714212217918586,3.1428424435837172,Low,1.49,0,4.841823312390357,1,7198.51,
183,29.64553750969444,1.9291075019388877,High,3.12,1,7.759936981959828,4,36263.92,19.0
184,37.41236207621593,6.482472415243185,Low,0.72,0,6.2631000245479145,3,7402.85,
185,33.88268607337075,5.77653721467415,Low,13.14,1,4.03355080809313,5,11686.06,
186,38.57000247046046,2.7140004940920917,Low,10.11,1,1.2687257346374239,3,6422.29,
187,37.366188122867726,3.473237624573545,Medium,6.15,1,3.467518650058115,3,11363.28,16.0
188,34.63585543671564,1.9271710873431274,Low,0.56,1,1.2812619870491806,3,1987.94,
189,30.766031409657977,2.1532062819315954,Low,7.48,0,4.663633763668794,2,6591.75,
190,27.425763876570677,3.4851527753141354,Low,8.25,1,2.469958843251838,2,6306.27,
191,32.767425239664895,2.553485047932979,Medium,7.3,0,1.8257728509080307,5,21715.87,7.0
192,39.28199397161736,5.856398794323472,Low,0.6,1,3.2924384337807306,4,,
193,36.07046872065102,2.214093744130204,Low,5.16,1,4.477402166955097,5,12487.99,
194,28.771306106440058,2.7542612212880115,Medium,8.99,1,4.489799345927511,5,17579.85,9.0
195,35.86590462925591,3.173180925851182,Low,4.31,1,2.6686938683597154,3,7037.35,7.0
196,36.92658689864418,4.3853173797288365,Medium,5.2,0,5.703905351344904,4,16771.27,8.0
197,30.580712818994336,3.116142563798867,Low,3.07,1,3.062839996321604,1,-1054.21,
198,35.768625529727636,2.153725105945527,Medium,3.76,0,4.351652821192179,5,21747.44,9.0
199,35.29104359223,4.058208718445999,Low,0.17,1,0.7452021146287551,3,8883.58,
200,29.285148510846884,0.8570297021693769,Medium,5.09,1,7.510069020593613,3,21278.91,19.0
201,36.788936801741414,4.357787360348283,High,0.42,1,10.747141232026603,3,31149.87,15.0
202,37.803922631841175,5.560784526368235,Low,2.85,0,4.728773380024682,3,2417.36,
203,40.41525621587638,4.083051243175277,Low,1.73,1,2.540330400889144,3,,
204,40.26901026017451,5.053802052034902,Low,3.94,1,0.0,3,5646.13,
205,28.111653160214544,2.622330632042909,Low,0.72,1,4.274656635890075,5,8067.82,
206,30.310874800424386,3.062174960084877,Low,5.88,1,4.9863960433283765,5,9474.8,
207,37.5751763360433,4.51503526720866,Low,7.92,1,1.3862544795781255,3,6603.94,
208,37.56892975456105,2.5137859509122094,Low,0.89,0,2.8450186562715807,3,7845.03,
209,37.57523843153024,1.5150476863060476,Low,0.55,0,8.631457796345355,5,10107.32,
210,54.26365745327361,8.852731490654723,Low,0.79,1,3.3568046766499613,1,176.84,
211,37.85445255346583,2.5708905106931668,Medium,10.48,1,8.105856400647104,5,20252.29,19.0
212,40.677828200902994,4.135565640180599,Low,3.76,0,3.10456235689033,2,5395.76,
213,39.770008817466014,2.9540017634932028,Low,3.15,1,2.434861664271112,4,9604.8,
214,38.25695625652899,6.651391251305798,Low,0.56,0,2.948317562430157,4,6566.94,
215,33.423653776798275,1.684730755359655,Low,5.24,1,3.179531868979728,4,7355.31,
216,38.79484610246634,3.7589692204932676,Low,10.12,1,2.8858027751246986,5,11427.7,
217,31.13587392731214,2.227174785462428,Low,8.81,0,6.139125763478494,2,2747.05,
218,33.815906966299956,1.7631813932599911,Low,4.92,1,5.153478656218733,3,6790.79,
219,32.57318226085448,0.514636452170896,Medium,0.39,0,1.9545025720856282,4,16725.01,20.0
220,35.40937069693161,1.081874139386322,Low,0.6,0,0.0,5,9551.85,
221,46.573292833367546,5.3146585666735096,Medium,0.25,0,5.378525981449955,2,7546.53,17.0
222,,1.1327348074082522,Medium,1.49,1,3.8523521103140537,5,,10.0
223,38.431300951872565,4.686260190374513,Medium,0.73,0,4.961025622339097,3,12262.76,9.0
224,26.936420644051744,2.387284128810349,High,1.51,0,8.00246582948752,2,28036.28,7.0
225,32.64034067105283,0.5280681342105666,Low,2.43,1,3.925541294275781,5,12343.06,
226,40.44475298483683,5.088950596967367,Low,14.32,1,3.5679731863547985,1,3733.71,
227,35.321400095477316,2.064280019095463,Medium,4.71,1,0.3451059638341283,4,19609.17,9.0
228,29.61127611035347,0.9222552220706938,Low,9.01,1,1.2169280102696118,1,3867.01,
229,31.42348145370016,3.284696290740032,Low,6.2,1,3.0797317258891446,3,4704.38,
230,38.39798874467338,1.6795977489346754,Medium,0.6,1,6.562051153006859,4,19401.53,18.0
231,31.34816684141432,1.2696333682828638,Medium,6.66,0,3.09792374056015,4,17007.46,20.0
232,36.08229294790988,3.2164585895819755,High,1.61,1,6.364626353942051,3,29789.62,11.0
233,35.22785919951907,3.0455718399038134,High,5.1,0,5.557097958570996,3,31218.81,13.0
234,31.741998261970913,1.3483996523941826,Medium,2.08,1,2.408470890963841,2,17688.29,7.0
235,45.719720446626624,4.143944089325325,Low,30.31,0,4.064893149387861,3,8562.19,
236,38.169595111590056,1.6339190223180111,Medium,1.53,0,6.124415138932524,5,20287.83,12.0
237,24.874287066711965,0.0,Low,1.64,1,1.9283274141694229,5,4342.51,
238,35.93227157384714,3.1864543147694278,Low,13.34,1,2.506005373320759,2,8434.08,
239,31.69106767615806,1.338213535231612,Medium,0.12,0,3.094410353957252,1,8117.07,7.0
240,39.26216667398112,5.852433334796224,Low,5.96,1,4.9490096091562155,5,4734.24,
241,31.037396307836495,1.2074792615672991,Low,6.46,1,0.9751828037071347,4,7321.86,
242,,3.8852635585331017,Low,9.05,0,4.904865692963609,4,4242.98,
243,37.524936394902284,2.504987278980457,Medium,18.33,0,6.022935924483793,5,22772.28,12.0
244,39.32877597085061,4.865755194170122,Low,18.57,0,2.2995653733056387,3,814.64,
245,28.998517964721117,0.0,Medium,0.34,1,4.679050215539266,3,16685.12,20.0
246,33.327493820795254,1.6654987641590508,Low,8.63,1,0.05907723211815319,5,11128.44,
247,32.625273444195216,2.525054688839043,Medium,5.2,1,3.6307433459121303,4,16879.1,16.0
248,31.73335383713144,1.3466707674262879,Medium,5.21,1,1.9589445940719203,2,7047.96,19.0
249,43.82727120140548,4.765454240281096,Low,0.69,0,3.782006986756061,2,595.54,
250,37.024908554804774,3.404981710960955,Low,5.25,1,1.203692597214898,2,5124.79,19.0
251,28.695580228324772,1.7391160456649544,Low,20.22,0,0.1589385810361954,5,7040.74,
252,39.58930973527388,5.917861947054776,High,12.14,1,4.112590637198858,3,,8.0
253,,5.122156197012633,Medium,2.89,1,4.856798920143413,1,14917.51,8.0
254,40.16232630275574,5.032465260551147,High,0.2,0,7.693098771051282,5,34566.92,13.0
255,27.403150170229935,1.480630034045987,Low,2.25,1,2.980324374875048,2,-4798.32,
256,32.57882963566874,1.515765927133748,Medium,8.75,1,4.248962870142777,1,14983.06,17.0
257,41.334555745933116,4.266911149186623,Medium,6.04,0,6.7308644101280874,2,13319.47,11.0
258,31.461652671906094,4.292330534381219,Medium,3.07,1,8.315577481595072,2,12097.71,17.0
259,37.219097140731144,3.4438194281462287,High,0.28,0,2.704028206787739,3,27234.48,15.0
260,38.87317026714668,1.7746340534293368,Low,2.78,0,4.134283933182238,5,,
261,30.365347642109583,3.0730695284219167,Low,3.17,0,3.528135512201255,5,12489.48,
262,34.702373219691,0.9404746439381995,Medium,13.19,0,5.262684532731502,3,17326.94,18.0
263,18.793663299654636,2.758732659930927,Medium,5.12,1,0.0,3,14194.72,7.0
264,29.878061793328552,1.9756123586657104,Low,1.87,1,0.0,4,5326.08,
265,33.7371592430342,3.7474318486068396,Low,3.73,1,4.154023974231481,2,-1466.34,
266,28.761084090175753,1.7522168180351507,Low,0.34,0,1.7470946045720603,1,8058.35,
267,43.16205651965818,7.632411303931636,Low,17.98,1,2.066071557309981,5,11899.29,
268,27.849293110196836,1.569858622039367,Low,2.23,1,6.439920807103311,2,2980.23,
269,,2.5599555133030165,Medium,3.25,1,2.364948838011637,2,12482.56,10.0
270,35.65370288643046,2.1307405772860917,Medium,2.19,1,1.3678771695723408,3,8997.07,6.0
271,42.20636644533058,3.441273289066116,Low,5.74,0,3.6728423106163546,3,9865.95,
272,,5.56413784882056,Low,5.43,0,2.9660182300133844,1,-1608.97,
273,40.815818760774796,3.163163752154959,Low,6.28,1,2.6317891582113364,2,6802.87,20.0
274,35.05116530509793,3.010233061019586,Low,1.56,0,6.649412484920888,3,7322.73,
275,30.092456744760245,0.01849134895204898,Medium,1.9,1,5.7024309057795595,4,17020.96,12.0
276,37.31051737131635,5.46210347426327,High,0.67,1,2.320094253495105,2,30872.02,8.0
277,35.99529847786735,3.19905969557347,Low,5.33,1,3.624967190791685,3,9237.42,
278,31.998915614206027,3.3997831228412054,Medium,0.2,0,4.290851867120721,4,14022.54,16.0
279,35.349010424950094,4.069802084990019,Medium,4.55,1,2.2576109369263104,5,19563.31,14.0
280,33.073432015691196,3.614686403138239,Medium,10.19,0,2.662066417630284,3,13939.37,10.0
281,35.56758672625624,3.1135173452512475,Low,11.07,0,0.0,2,-1405.18,
282,38.31065337260523,2.662130674521046,High,2.98,1,6.78146741424745,3,31521.13,6.0
283,,4.586016816145351,Low,3.07,0,5.231628706041032,4,12339.77,
284,28.810922505865754,2.762184501173151,Low,0.4,0,4.8566296161016025,2,6891.19,
285,45.665166873281336,6.133033374656267,Low,5.55,1,3.9270089026990616,3,12705.47,
286,25.23956100238749,2.047912200477498,Low,8.61,0,3.871401085932235,1,-4273.25,
287,34.24107452482208,2.8482149049644163,Low,1.4,0,3.6694280839089486,1,7734.1,
288,37.94158603242288,4.588317206484577,Low,2.73,1,5.452729620770569,3,6142.84,
289,36.40495933867516,3.2809918677350325,Low,9.13,1,0.3526935162509883,3,10082.68,
290,31.88650240089703,0.3773004801794059,Medium,10.48,0,5.284752141904608,5,17192.95,11.0
291,33.95938874821363,4.791877749642725,Medium,1.39,1,3.473898578442583,4,15199.48,13.0
292,32.53499532670584,3.506999065341168,Low,4.0,1,2.124780769866102,3,861.18,
293,32.053176215278945,2.410635243055789,Medium,1.07,0,3.3439863405767447,3,16738.57,8.0
294,39.24801048510513,4.849602097021025,Medium,0.54,0,3.757084892105346,3,17393.03,16.0
295,36.785077429825236,3.3570154859650474,Medium,12.1,1,3.958711339098042,1,10005.99,14.0
296,31.535452023696728,1.3070904047393455,Low,8.59,0,6.120124050956936,5,1814.68,
297,39.49799937716625,5.899599875433251,Medium,7.14,1,1.9111200801949502,5,21145.34,10.0
298,36.536497604383044,4.307299520876609,High,0.25,1,7.39918871688146,2,30894.81,14.0
299,39.0643105941948,5.81286211883896,Medium,9.28,0,5.477590551601798,2,11852.01,15.0
300,38.14814420961806,2.629628841923612,Low,2.88,0,3.1124001607980136,2,1066.14,8.0
301,30.855024945389637,2.1710049890779275,Low,2.1,1,1.487525629845609,4,8138.61,
302,32.19909479901515,1.43981895980303,Medium,3.95,1,3.96496691530843,4,22009.0,9.0
303,38.73646802561631,3.747293605123262,Low,0.48,1,4.164052953305583,5,8262.32,
304,38.05185132716733,2.6103702654334655,Low,7.07,1,2.9901674834981993,5,6971.45,
305,34.89549203017926,1.9790984060358525,Low,4.37,0,5.255515260528503,3,5875.67,
306,35.58663691654391,6.117327383308782,Medium,1.03,1,6.709169810688752,4,19023.09,10.0
307,41.388324478942124,2.277664895788425,Medium,1.04,0,5.054248242069839,4,17184.79,20.0
308,32.04214305582085,2.40842861116417,Low,1.02,0,4.184645821969324,4,,
309,37.73548690585019,5.547097381170038,High,0.29,1,5.003504831668619,3,33252.15,8.0
310,33.98903673783053,2.7978073475661063,Low,4.43,0,2.279817885958598,4,5654.0,
311,33.911593983863895,0.782318796772779,Medium,9.17,0,7.2302497537329495,4,12004.87,14.0
312,40.49388425993595,7.098776851987191,Medium,0.09,1,3.128720670475916,4,22057.04,10.0
313,39.12708174494015,3.8254163489880297,Medium,0.25,0,1.9269690737877787,4,21401.21,13.0
314,,5.813509636000639,High,4.25,0,5.910251681532861,4,31905.25,6.0
315,41.52739403577164,5.305478807154328,Low,8.56,1,4.077870835927209,4,9357.21,
316,35.105019208163796,2.0210038416327594,Medium,1.98,1,2.959628379734991,4,16569.59,12.0
317,38.40976485647482,3.6819529712949643,Low,2.15,1,2.01433619842893,4,,
318,33.44866621703272,5.689733243406543,Medium,4.54,1,1.4604966313960706,3,11614.88,13.0
319,36.62083176244221,2.3241663524884415,Medium,1.6,1,3.661372521336789,2,10821.61,8.0
320,34.34928472816158,1.8698569456323155,Medium,0.13,1,5.959869407492025,1,15302.45,6.0
321,35.48497982496359,2.0969959649927175,Low,6.64,1,3.777860783371137,4,9909.84,16.0
322,37.975785127184565,4.595157025436913,Medium,4.91,0,3.4830501486789514,4,,20.0
323,30.908896583832636,2.1817793167665274,Low,4.35,0,1.7248523555489177,5,5934.42,
324,45.4619363784273,4.092387275685461,Low,6.77,1,1.7993736297614236,3,10535.09,6.0
325,29.96991309250149,0.0,Medium,5.62,0,8.655654197099732,3,11848.2,16.0
326,28.92905693606134,0.785811387212268,Low,1.15,0,1.398318120071319,2,2952.05,
327,40.79055436750034,2.1581108735000685,Medium,2.17,1,6.063992154846776,1,13943.87,14.0
328,38.95831346981468,4.791662693962936,Low,0.67,0,4.302156791162812,5,5390.94,
329,38.12059908526078,3.6241198170521556,Low,0.7,1,5.331913047892152,2,5200.46,
330,38.1417275463214,1.6283455092642796,Medium,5.64,0,4.513667085866837,4,17911.57,9.0
331,34.93876613576543,1.9877532271530853,Low,9.78,1,3.7217081395199534,4,8068.33,
332,,3.1027456285141684,Low,16.45,0,1.3578852630813865,3,4577.44,
333,35.379022790968634,3.0758045581937266,Medium,4.95,0,1.3348333842411757,5,25482.87,7.0
334,31.61419144243944,1.3228382884878882,Low,1.02,0,2.889586854101866,3,7807.87,17.0
335,39.87559866708875,4.975119733417751,Medium,0.56,1,5.0847948802550915,3,16091.55,6.0
336,34.26471309248931,4.8529426184978615,Low,8.38,0,3.719711465577227,5,9243.66,
337,30.872514016037442,0.17450280320748845,Medium,4.32,0,5.099875415281256,5,23465.36,8.0
338,33.393070791735035,1.678614158347007,Medium,4.82,1,5.004152361376481,2,16267.88,13.0
339,37.064657271378124,2.4129314542756246,Medium,7.6,1,3.58122550315025,1,9725.92,10.0
340,32.18137723598013,2.4362754471960257,Low,6.07,0,4.351978493465305,1,5283.12,
341,30.888898022167844,2.1777796044335687,Medium,8.99,0,4.016826705075087,3,17906.18,10.0
342,36.21843605745956,1.2436872114919126,Medium,0.29,0,3.192044250036623,5,24096.84,11.0
343,36.22483285554361,3.244966571108722,Medium,6.88,0,3.091717726781987,4,16040.49,11.0
344,32.46528412314435,0.49305682462887007,Low,9.51,1,5.069374156823712,3,3069.71,
345,32.644808471908384,4.528961694381676,Medium,1.69,0,3.8831514090082853,5,15703.52,17.0
346,36.160249686788184,2.232049937357637,Medium,5.11,0,1.3988448588755769,3,16156.43,16.0
347,27.75957829251338,4.551915658502676,Low,1.89,1,3.0561044375270834,3,5750.52,
348,27.962681128117225,0.592536225623445,Low,15.85,0,1.7467304510869317,5,6052.55,
349,31.40777889373782,1.281555778747564,Medium,0.17,0,3.8969682913250425,5,17856.11,14.0
350,33.932764241440765,0.786552848288153,Low,4.34,0,3.940147860699758,5,2625.4,10.0
351,36.554537827990025,2.310907565598005,High,0.91,1,4.797516301418707,4,36839.25,18.0
352,42.37678108474776,4.475356216949552,Medium,6.23,1,5.999276584016867,5,15780.43,11.0
353,39.2882981160101,1.8576596232020193,Medium,0.97,0,2.096502067055769,2,15982.0,9.0
354,34.20030735018287,3.8400614700365736,Low,1.34,0,4.322042003928943,4,7554.83,
355,34.904918960486555,4.980983792097311,Low,3.41,1,3.958432703426778,5,9118.41,
356,29.987353176810956,1.9974706353621912,High,12.32,0,4.0813760320182,3,29203.86,18.0
357,34.90743432003805,5.98148686400761,Low,1.19,0,0.31852159126488355,5,5946.14,
358,33.55670680539931,2.7113413610798616,Medium,0.78,1,0.0065294865142639935,3,13727.15,11.0
359,36.613592801690444,4.322718560338089,Low,7.11,1,4.461584190698062,1,6229.57,
360,30.863845282238387,1.1727690564476774,Low,3.47,1,3.750144447732554,5,11968.24,
361,37.59673257120586,3.5193465142411724,Low,12.14,0,1.919224866314381,2,3256.64,
362,,2.5327389130025777,Low,0.79,0,2.635685453456917,4,3851.48,9.0
363,34.45619925771571,3.891239851543142,High,5.19,0,6.430344838171058,1,25555.22,10.0
364,37.00855861049471,2.401711722098942,Low,1.33,0,3.4939277907946353,5,14959.8,
365,38.45071995855556,4.690143991711112,Low,0.85,1,4.271434608873791,3,3532.71,
366,32.99389764057082,3.5987795281141643,Low,5.75,0,2.4546583265399367,2,3307.17,
367,36.12046240905208,2.224092481810416,Low,4.5,0,3.321399670566446,2,,20.0
368,35.06296200390897,4.012592400781794,Low,7.03,1,5.5335946333268495,5,7431.9,
369,35.488380492744156,1.0976760985488312,Medium,1.85,1,5.986815619076136,4,16601.07,16.0
370,31.13495108072267,1.2269902161445336,Low,2.97,0,1.982034615505516,4,8610.49,
371,35.12255087129471,1.0245101742589426,Low,2.6,1,1.044977160727698,3,10159.93,
372,,3.4979982912454504,Low,20.7,1,1.6562662416194966,3,3561.34,7.0
373,42.25571803897521,3.451143607795042,High,1.73,0,6.152685972148864,2,34627.43,14.0
374,39.79635413042603,5.9592708260852065,Low,1.75,0,1.04900606687359,4,7114.68,
375,45.76591228755778,6.153182457511557,Low,2.19,0,6.308589967121408,2,3495.4,
376,31.163262185559752,1.2326524371119505,Medium,4.16,0,3.3963993405043826,5,18981.32,19.0
377,39.36160318360339,2.8723206367206786,Low,1.45,1,4.542918922733383,5,,
378,,5.183342005738352,Low,12.34,1,2.364672930593568,3,6599.38,
379,45.94901466608836,4.189802933217672,Low,1.54,0,2.127392074083685,2,15638.75,
380,30.958508573224243,1.1917017146448488,Medium,11.31,0,3.3960804885211613,5,21508.5,20.0
381,30.801390789096118,1.1602781578192236,Low,0.55,1,3.792027052993598,2,2845.58,
382,32.003036772779886,3.4006073545559774,Medium,5.34,0,0.6784858875147624,2,16557.21,12.0
383,24.380521378450965,0.0,Medium,11.88,0,5.723840172783237,2,9081.54,19.0
384,32.37122489159619,2.4742449783192386,Low,0.92,0,0.0,4,4183.22,
385,31.20433669223151,5.240867338446302,Low,17.26,0,2.597221329671825,5,8009.37,
386,35.75196893238104,2.150393786476208,Low,3.02,1,4.880806588455009,3,5413.74,
387,36.7087798788858,3.34175597577716,Medium,14.57,0,2.4571955024319077,1,9461.85,7.0
388,44.38085419607943,7.876170839215886,Low,5.65,1,5.638780811922129,3,5956.74,
389,39.75211919093025,2.95042383818605,Low,1.79,0,3.088451051697252,4,7516.66,
390,32.115481721687985,4.423096344337597,Low,1.04,0,1.7856482167158805,2,8049.01,
391,30.50792664325821,4.101585328651642,High,1.81,1,8.100275180145239,2,24221.55,19.0
392,37.45959585753253,2.491919171506505,Low,0.49,0,9.079866955605507,5,5333.77,
393,28.398833964896788,1.6797667929793576,High,0.78,1,8.963157986992217,5,33206.89,11.0
394,44.157293829271765,5.831458765854353,Low,0.55,0,4.832655071477108,5,14284.09,13.0
395,,8.179440120721287,Low,2.75,0,4.3621103951896245,5,11834.22,
396,32.65412173947647,0.5308243478952945,Low,7.94,0,3.8106172284661484,2,4438.86,
397,26.434327354545612,3.2868654709091225,Low,0.76,0,3.9033786566985897,2,1421.04,
398,41.76936187082706,5.353872374165412,Low,0.7,0,2.9332841334392588,3,8382.19,
399,34.42730077373691,1.885460154747382,Low,5.16,1,4.305083788662033,3,7366.13,
400,41.18908155986731,6.237816311973463,High,1.1,1,4.864581544797134,5,34465.88,18.0
401,27.027861706028165,0.4055723412056331,Medium,0.51,0,3.2688372246323274,5,14559.7,14.0
402,32.00312488523114,2.4006249770462276,Medium,0.91,0,5.313636148642235,4,13574.26,20.0
403,35.026218498590914,2.005243699718183,Low,12.87,1,4.223972744069368,2,,17.0
404,35.23490296882371,5.046980593764742,Low,8.62,1,4.398903209869109,5,4414.16,
405,32.749672642603784,3.549934528520757,Low,2.19,0,4.620654647190887,5,13581.11,
406,38.114249661737496,7.622849932347499,Medium,5.33,0,3.8479779968647203,2,13254.47,7.0
407,29.661897853087027,0.9323795706174053,High,3.85,1,10.941053466481046,5,33860.98,17.0
408,34.288102574893536,2.857620514978707,Low,5.65,0,3.5470343640085034,3,6962.75,
409,,2.120295631711899,Low,5.74,1,2.7417408085325756,1,1069.24,
410,37.57219417029374,3.5144388340587485,Low,4.95,0,3.532134573114913,4,6134.75,
411,38.558074390444446,4.71161487808889,Low,1.55,1,0.23413341431270207,4,8107.52,
412,29.376789540810655,2.875357908162131,Low,0.2,1,4.411332390505871,1,-685.8,
413,27.32942914632189,0.0,Medium,3.04,0,1.2577783412559707,3,10262.96,14.0
414,41.38838410949255,3.2776768218985097,Medium,11.08,1,3.3325047813737685,5,17344.33,13.0
415,36.66157005989796,2.332314011979592,Low,4.21,0,2.664015956640611,4,10959.75,
416,31.25756731721723,4.251513463443446,Low,8.93,0,1.765318870448219,4,7445.29,
417,42.75575987761262,3.5511519755225236,High,23.91,0,3.4845036889717194,2,28171.65,15.0
418,35.57837317146429,5.1156746342928585,Low,0.89,0,5.086250375530253,1,5733.95,
419,40.89648592031913,2.179297184063826,Low,5.88,1,2.6680741760665625,3,3966.03,
420,35.33759240705054,4.067518481410109,Low,5.61,0,1.825185755768863,2,-1783.72,
421,45.303739624409936,4.060747924881987,Low,19.55,0,4.128330045741796,2,8151.17,
422,43.77670421221602,4.7553408424432035,Low,21.2,0,3.8571617361440502,2,10694.03,
423,33.75517925760463,4.751035851520927,Medium,5.8,0,3.2223997348317064,4,18425.15,13.0
424,39.85785475477178,3.971570950954356,Low,1.4,1,7.077370870088036,3,309.56,7.0
425,38.226879747925736,2.645375949585147,Low,8.01,0,3.741502346426853,5,9574.71,
426,41.843157787661745,3.368631557532349,Medium,0.57,1,2.367406445378661,2,14544.9,17.0
427,30.17538269709948,2.035076539419896,Low,7.59,1,4.246787386601952,3,5169.71,8.0
428,38.4302572999922,2.6860514599984397,Medium,12.05,1,2.440218430789911,1,11144.24,12.0
429,40.292122434247936,4.058424486849587,Medium,2.41,0,2.7937391800303604,3,15057.99,14.0
430,26.20630256788443,0.24126051357688572,Low,4.98,0,5.941933687088517,1,-3018.99,
431,29.083707436671126,1.8167414873342254,Medium,2.81,0,1.0214632841461806,5,18482.05,14.0
432,24.803839111199498,0.0,Low,2.88,0,1.4565064975148787,5,2812.08,
433,33.65296582777721,1.7305931655554416,High,1.86,1,8.175157826294141,3,31042.87,6.0
434,38.58771127897981,5.717542255795962,Low,7.18,1,2.09112663159591,1,1465.9,
435,42.51178526048014,5.502357052096028,High,13.76,0,7.196089559296816,4,24078.11,17.0
436,35.37047390209887,3.0740947804197747,Medium,14.13,0,1.4652302219464337,5,21455.37,9.0
437,43.14307772785646,4.628615545571291,Low,0.96,0,3.1815182011295193,2,7110.74,
438,28.099492708925542,0.6198985417851084,Low,10.39,0,5.040630726178586,4,9678.72,
439,26.483087803224226,4.296617560644846,High,6.69,0,9.47152848417524,5,26026.26,20.0
440,34.722261505516904,0.9444523011033809,Medium,1.46,0,3.245100384511155,5,16980.8,17.0
441,36.92032724469654,3.3840654489393076,Low,0.35,0,4.851539989057582,5,9778.84,
442,34.836526259529535,3.967305251905907,Medium,1.56,1,5.731362324341291,5,20682.42,20.0
443,24.662789499800617,0.0,Low,12.16,1,8.876885886175849,5,2543.91,
444,34.55439980243606,2.910879960487212,Low,5.01,1,5.262808689573295,3,6205.26,
445,28.477652497475734,3.695530499495147,Low,6.38,1,2.867531583689865,4,3980.2,
446,38.348362744150194,4.669672548830039,Low,1.49,0,1.50822735392066,5,4104.44,
447,36.83299123048424,3.366598246096848,Medium,6.35,0,5.8072110122900416,4,15114.56,16.0
448,30.300601068363225,1.0601202136726449,Low,0.14,0,5.226257114634184,5,9603.25,
449,32.43066541331653,3.4861330826633066,Medium,2.35,0,3.6474094823272445,1,7046.24,7.0
450,29.70393239055524,1.9407864781110482,Low,4.93,0,3.3137861787342837,3,5851.94,
451,34.686604513634144,1.9373209027268288,Low,0.79,1,2.4286600014995967,3,5787.45,
452,39.77571160250619,1.9551423205012384,Low,8.66,0,3.2197667929295157,3,5193.57,
453,30.07136976832228,0.014273953664456229,Low,1.34,1,6.27541457515469,2,-1891.32,
454,37.52023257758922,3.5040465155178437,Low,5.28,0,5.807735268828421,4,2839.2,
455,32.348711908137794,0.4697423816275588,Low,2.6,1,6.201937740476684,1,1274.3,
456,31.03563583868828,1.2071271677376558,Low,4.53,0,4.599542022030552,4,2832.31,
457,34.46484820022721,0.8929696400454418,Low,0.57,1,3.1391935061608223,4,5891.69,
458,29.82378838790313,0.0,Low,0.09,0,6.772270377766549,3,6683.3,
459,32.23175347326409,2.4463506946528186,Low,12.02,0,2.9207273827115583,3,3627.29,
460,29.010610537055758,1.8021221074111515,Medium,1.57,0,2.9873798070164517,4,,6.0
461,44.82362566458195,6.9647251329163895,High,8.57,0,6.112564102074833,5,35065.77,8.0
462,,5.035263551971728,Low,36.7,1,3.2516239610463575,5,12075.47,
463,31.50137246003707,0.3002744920074143,Low,1.19,0,2.32730511034036,5,,
464,36.06989955367111,3.2139799107342215,Low,1.54,1,3.1880135159296783,5,10479.78,
465,34.43835975154585,1.8876719503091706,High,5.44,0,7.644208838844127,4,32297.45,18.0
466,33.89515200233389,2.7790304004667776,Low,16.83,1,3.5142519254979696,5,9467.72,
467,38.07083350021713,2.6141667000434254,Low,12.37,0,3.3099227527834016,5,13898.02,
468,38.787538550236526,1.7575077100473053,Low,3.49,0,3.252130949127638,5,11186.27,
469,32.34749426194736,4.4694988523894725,Low,7.93,1,1.9318277720777042,1,7036.82,
470,32.1209087967766,4.424181759355319,Low,0.73,0,3.653545508731352,5,7166.93,
471,33.62474151424178,1.7249483028483552,Medium,18.96,0,2.6992255412118205,3,10718.24,18.0
472,23.490394176322077,0.0,Low,16.67,1,0.11336580228569154,5,4690.9,
473,27.42404468900724,2.4848089378014477,Medium,0.89,0,6.273181512810138,2,10796.42,15.0
474,41.83437133722262,8.366874267444524,Low,1.78,1,2.627096324673502,3,11180.46,
475,43.22483856750642,3.6449677135012832,Low,0.53,0,2.5178721064677068,3,,
476,33.75481980221811,1.7509639604436216,High,1.59,1,3.7757907282059326,3,27838.59,16.0
477,37.88278481527883,4.576556963055767,Low,8.46,1,2.8333764440319524,2,7001.79,8.0
478,36.55625077271768,4.311250154543536,Medium,2.38,1,5.337705599375887,5,18922.51,20.0
479,50.39440404227619,5.078880808455239,Low,0.46,1,4.142272281165896,1,10982.54,
480,40.59787455717289,4.119574911434578,Low,2.09,0,2.504337943641703,3,5118.47,
481,34.36041204259617,2.8720824085192334,High,19.92,0,5.304063597549286,2,24255.41,7.0
482,30.22229779699787,1.0444595593995742,Low,4.97,1,7.492365663845945,4,5484.21,
483,26.96776839871214,1.3935536797424277,Medium,2.69,0,6.501402910230065,3,12394.09,10.0
484,36.017318179336115,3.203463635867223,Low,0.91,0,3.0426429310357093,3,1173.78,
485,31.218246273578483,2.2436492547156965,Medium,21.41,0,4.724673617888087,3,16001.38,18.0
486,,1.577746290402326,Low,8.6,1,7.621039263844923,4,9851.9,
487,31.767135578787368,2.3534271157574738,Low,1.65,0,4.673769201957273,2,-14.03,
488,29.592259981928024,0.9184519963856047,Medium,0.36,0,2.6492351513122725,2,15836.58,13.0
489,43.43570817536282,3.687141635072564,High,0.29,1,4.851891020528117,2,28867.25,8.0
490,39.408198784747256,6.881639756949451,High,0.64,0,4.592803182118638,5,,6.0
491,34.960136793416915,3.9920273586833828,Medium,4.35,1,2.6759408813119623,3,14602.71,9.0
492,42.39972069445013,5.479944138890026,Medium,13.21,1,4.514586253261467,4,18405.81,14.0
493,,2.077368307647619,Low,3.43,1,3.281724188314313,2,5496.62,
494,30.69357899335868,2.1387157986717362,Low,9.26,0,3.3385414775592603,3,1066.17,
495,42.61562038634828,9.523124077269657,Low,2.95,0,2.324670393319513,1,8403.02,
496,,3.538910043684659,Low,6.17,1,1.5839662552924025,1,5049.54,
497,29.81376922836772,1.9627538456735436,Low,6.58,1,0.8963127282030027,3,6469.5,
498,34.04830660958196,3.8096613219163915,Low,0.96,1,5.958657522937662,3,2469.46,12.0
499,30.621908733076214,0.12438174661524286,Low,2.24,1,1.6080121224389983,2,-219.94,
500,28.086001345178317,1.6172002690356635,Medium,5.07,1,4.0295293062956965,4,19165.34,19.0
501,39.630887737658206,3.9261775475316414,Low,0.37,1,2.7169443275957463,5,6452.93,12.0
502,44.54708320235065,4.90941664047013,Low,2.24,0,2.1547912616681333,3,7357.33,
503,28.007162130904295,0.6014324261808589,Low,3.83,1,5.024041437370209,4,8658.42,
504,37.81484618345286,3.5629692366905714,Medium,27.9,1,4.562130396838361,5,19182.56,13.0
505,,1.349357430878173,Medium,3.22,1,7.386721559257554,5,21859.59,15.0
506,32.56437308117652,2.5128746162353037,Medium,8.47,0,1.9994054128912473,3,,19.0
507,32.03803037880566,2.4076060757611315,Low,2.83,0,2.6108964301634123,4,2575.35,
508,30.68004615160092,5.136009230320184,Low,7.96,0,4.236552852766083,2,4258.53,
509,35.24260813972413,3.048521627944827,Low,4.52,0,3.091657083935445,4,7643.41,17.0
510,30.84524941794481,2.1690498835889622,Low,10.88,1,3.336219569051355,3,12232.98,
511,36.35228412889919,2.2704568257798385,Low,2.65,0,4.446835850829864,2,1435.13,
512,34.748809452754315,1.9497618905508631,Low,4.64,1,1.8470464575968708,3,4194.22,
513,33.80525976566795,0.7610519531335896,Low,4.97,1,1.4633973373050528,2,1568.46,
514,30.46218168979201,0.09243633795840225,High,2.7,1,6.869955830835635,4,30664.98,18.0
515,32.116143347158335,2.423228669431667,High,0.78,1,6.865071489474962,3,28874.82,20.0
516,38.77695612912878,5.755391225825756,Low,0.49,1,1.680513261349331,4,5138.49,
517,,3.500917187624381,Low,0.08,1,3.799075367831473,2,5905.63,
518,30.112223776007244,5.022444755201449,Low,10.34,0,2.932579322084848,2,2380.01,
519,35.49666152714613,2.0993323054292263,Low,1.35,0,3.3567545543549846,4,11135.78,
520,38.75693561685895,2.7513871233717895,High,1.19,0,6.169288023656013,5,32805.72,13.0
521,26.652973594393142,1.3305947188786285,Low,6.66,0,4.295500341230164,1,,
522,,1.5433601923799345,Medium,1.93,0,6.913060843504042,3,16370.98,18.0
523,31.686881205270765,0.3373762410541531,Low,3.53,1,1.5749693527613842,5,12151.38,
524,37.852993342965796,5.570598668593159,High,0.89,0,4.535191219793987,1,28916.96,8.0
525,31.183704217287417,3.2367408434574836,Low,16.06,0,1.981171557579227,5,5894.78,
526,25.975589496677404,0.19511789933548085,Medium,9.54,0,6.512082166358981,4,14404.56,18.0
527,26.862287810584185,1.372457562116837,Low,9.97,1,3.467776617604124,3,-787.85,20.0
528,35.24042473330691,1.048084946661382,Medium,2.61,1,4.637743894003138,3,14713.48,18.0
529,36.29861250860741,1.2597225017214826,Low,7.19,1,3.3673533789188776,3,5776.0,
530,30.478416874477958,1.0956833748955916,Low,0.78,0,3.4978778157942547,3,4232.85,
531,38.19296229388687,3.6385924587773744,High,0.04,0,5.091739875987282,5,38629.06,18.0
532,26.6923996886552,1.3384799377310401,High,0.1,0,7.327867341502674,4,29891.08,7.0
533,34.669601006763415,1.933920201352683,Medium,4.42,0,2.775663197634258,4,,6.0
534,28.944919001187717,0.0,Medium,3.04,0,5.06613830871237,5,28421.18,13.0
535,31.740819460989204,3.348163892197841,Medium,3.65,1,2.7618606592902735,3,12276.34,19.0
536,35.23699335658207,4.047398671316413,Low,0.04,0,2.7341698587913754,4,9953.63,
537,30.69793317358024,3.1395866347160477,Low,2.75,1,6.485838734745032,3,-373.15,
538,33.077222278850876,5.6154444557701755,Low,6.33,0,5.803023982356438,5,9351.08,
539,40.0314640460722,4.0062928092144405,Medium,2.92,1,3.5953491943987235,3,13622.66,13.0
540,32.115540652384254,2.4231081304768507,Low,6.59,1,4.0269801694847365,4,-2044.8,
541,39.17846056032571,4.835692112065142,Low,1.33,1,2.9606142729184994,5,8987.26,
542,29.351465726711908,1.8702931453423814,Low,8.39,1,1.7684597052736386,3,3720.1,
543,37.64902088957641,3.5298041779152824,Medium,4.44,0,2.9357950986530312,1,12873.15,11.0
544,42.207843103289505,4.441568620657901,Low,1.18,0,3.3128511953590865,4,9170.91,
545,22.641777499363553,4.528355499872711,Low,1.35,0,5.246293859888453,3,1719.83,
546,31.015523722647615,4.203104744529523,Low,4.94,1,6.656327915521103,4,6410.55,
547,37.8853606359027,2.57707212718054,Low,8.86,0,4.299603785302078,5,,
548,33.984773069785035,6.796954613957007,Low,2.69,0,4.691955967642973,3,4691.42,
549,36.85572936685654,2.371145873371309,Medium,1.49,0,6.114368239054481,3,14858.82,10.0
550,31.980074066420897,3.3960148132841796,Medium,10.09,0,4.14684602298873,4,13715.05,11.0
551,35.4329489373645,2.0865897874729002,Medium,5.53,1,6.154584575936167,2,15869.93,17.0
552,34.221613823039604,3.844322764607921,Low,2.97,1,2.287468974156309,3,,
553,40.838910308299035,6.167782061659807,Medium,3.35,0,1.7923794631312226,5,19076.3,12.0
554,,4.254420843301213,Low,1.14,0,5.0453894809246735,4,,
555,36.68801331037601,4.337602662075201,Low,4.93,0,4.209496581023025,1,3973.48,
556,32.94061516938766,2.5881230338775323,Medium,2.22,1,6.421107778085004,2,11493.46,19.0
557,32.56196887963753,4.512393775927507,Low,27.18,1,2.294786993774037,4,10264.37,
558,32.8372090609019,4.5674418121803795,Low,3.27,1,2.2720954527731263,5,4999.77,
559,36.97226071189149,2.3944521423782974,Medium,3.33,0,5.6582860293985755,5,16300.03,19.0
560,32.895077595898684,2.5790155191797366,Low,4.17,1,4.049776446963369,3,6584.08,
561,36.448874284482066,3.2897748568964134,Medium,12.43,1,4.096704418082908,5,24543.18,13.0
562,45.37700399322719,5.075400798645438,Low,8.07,1,2.572851490620992,4,7343.19,
563,39.35562351715846,3.8711247034316925,Medium,3.0,1,2.206477536118588,4,19109.59,15.0
564,33.369882339160796,2.6739764678321594,Low,6.34,1,1.8835524037071247,4,3096.89,
565,41.00606961081972,6.201213922163944,Low,4.41,0,0.610508259511553,2,2414.26,
566,32.95962313489224,1.591924626978448,Medium,3.39,0,5.055309972847128,5,21988.52,8.0
567,24.80937732411073,0.0,Low,1.07,0,2.2674394375093194,2,3059.16,
568,29.95956844541298,0.991913689082596,Low,3.12,0,6.3544334333618275,3,7481.6,
569,25.646040394870724,1.1292080789741448,Low,1.41,1,4.8754596776680525,5,10388.13,
570,33.24243257979346,1.6484865159586917,Low,12.32,0,4.095458993278687,4,379.84,
571,35.09209189594776,2.0184183791895522,Low,2.04,0,5.651102720289829,5,5430.56,
572,43.382186561376415,5.676437312275283,Low,15.21,0,1.2702860513831253,4,9499.86,
573,36.63463686882081,3.3269273737641627,High,3.81,1,8.828024256351178,3,25235.66,12.0
574,33.90449735595568,1.7808994711911352,Low,4.99,0,4.872519667091671,5,5617.98,
575,39.14702790591745,2.8294055811834893,Low,3.91,1,2.8607863554791413,1,8110.31,
576,23.944323454960575,1.7888646909921149,Low,0.69,1,5.619683824992032,5,5164.17,
577,36.17807279054283,1.2356145581085656,Low,2.36,1,0.3271822127334385,2,6366.51,
578,38.85432596943483,3.7708651938869666,High,0.52,0,6.4060791666299375,5,34686.36,10.0
579,27.607068771100792,2.5214137542201582,Low,4.88,1,5.913150266451263,2,481.6,
580,40.71877021603464,2.143754043206928,High,2.96,0,3.7400986325415237,4,28151.13,14.0
581,36.69248203747207,4.3384964074944135,Low,7.53,0,0.25706665308943166,5,10038.4,11.0
582,32.923560430495996,2.5847120860991994,Medium,1.25,0,5.188575650646455,3,18948.53,12.0
583,38.163909330531425,4.632781866106285,Low,0.9,1,1.548188754747902,4,5678.2,
584,46.35346428902198,5.270692857804396,Medium,2.61,1,5.577969099383298,5,21476.49,13.0
585,35.90933127529247,3.1818662550584946,Low,13.06,0,7.505196340235445,4,2622.5,
586,36.24110293150168,4.248220586300336,Low,6.2,1,1.2923747432989063,5,,
587,32.70319550229878,2.5406391004597566,Low,2.71,1,2.7781254895361047,3,5563.28,19.0
588,,3.1501556305352083,Low,3.64,1,3.874107972625504,2,5381.3,16.0
589,39.15167908272123,3.8303358165442463,High,0.44,0,11.968864461684724,1,30498.18,9.0
590,30.719580870455665,0.14391617409113308,Low,20.86,1,5.834198943171766,2,-2950.74,20.0
591,,2.071566237219392,Low,5.49,1,3.1247405190188102,2,2700.76,
592,32.61171276617441,3.522342553234883,Medium,1.68,0,4.566008040363044,4,13620.5,20.0
593,37.39489912873196,3.4789798257463915,Low,4.41,1,4.98916863383687,2,3551.89,
594,36.668310526434745,4.333662105286949,High,0.58,0,5.453673735688088,1,28000.09,17.0
595,40.1876997212895,3.0375399442578996,Medium,16.88,1,3.397458228490026,1,17236.6,15.0
596,32.44991800572627,2.4899836011452536,Low,0.96,1,3.0407775189589796,5,9375.69,
597,33.65062532353314,0.7301250647066283,Medium,5.22,1,10.536872171795816,4,20983.62,6.0
598,30.106181421088465,1.021236284217693,Low,1.41,1,4.278214798921608,3,1922.71,
599,32.778533699619445,1.5557067399238889,Low,6.32,1,5.269198078877443,5,4304.48,
600,36.88650246522426,1.3773004930448522,Low,7.5,1,0.0,1,7743.03,
601,38.78494308322676,5.756988616645351,Low,5.6,0,1.6483628586819854,5,11057.35,18.0
602,30.389173379111874,6.077834675822375,Medium,4.77,1,3.165910792904769,4,13848.02,12.0
603,39.3480296005283,5.86960592010566,High,11.15,1,4.4675410159316025,2,31183.07,11.0
604,41.778189294024756,5.355637858804951,Low,0.41,1,5.158067575556854,4,10861.42,
605,37.067174516118506,2.4134349032237012,Low,2.01,0,3.28537933461478,5,9771.01,
606,44.38397906279033,6.876795812558067,High,1.43,0,4.975046665106783,3,29689.69,16.0
607,31.131054004482134,2.226210800896427,Low,22.12,0,4.911630751749417,5,6902.42,6.0
608,,2.7553452966885827,Low,2.47,1,3.222026958356444,2,3627.21,
609,26.106398755478608,1.2212797510957216,Low,6.6,1,3.862772093075937,3,3817.94,
610,42.480221557445915,2.4960443114891833,High,5.77,0,4.748821181180778,1,33132.82,8.0
611,38.27182828177029,3.654365656354058,Low,1.19,0,4.624773487911156,2,3826.64,
612,34.72207664544772,2.9444153290895443,Medium,1.37,0,3.3297154681741987,2,11053.13,7.0
613,36.3998431315991,4.279968626319819,Medium,1.65,1,6.418525826801727,5,27011.13,7.0
614,29.372554763508116,0.8745109527016233,Low,2.65,0,3.0147580201800834,1,2397.98,
615,47.228759898084135,3.445751979616827,Low,1.33,1,3.322514026393559,3,9948.54,
616,35.64610590987614,2.129221181975228,Medium,0.1,1,3.5422910939977257,4,18694.77,17.0
617,35.546973973024464,4.109394794604893,Low,10.58,1,5.360497205918734,5,9669.12,
618,38.62883311949346,2.7257666238986915,Medium,16.85,0,3.663644776002868,5,19042.54,18.0
619,,2.4810092317367136,High,2.09,1,3.6464767861983516,5,26069.56,6.0
620,36.119420121395656,3.223884024279131,Medium,2.07,0,3.6659458628123147,5,16034.22,20.0
621,31.04762772277344,5.209525544554689,Medium,0.04,0,5.108602163930589,5,19196.88,15.0
622,37.35734178567998,5.471468357135995,Medium,5.7,0,2.7999851649067127,5,11314.55,7.0
623,44.41012248237517,4.882024496475035,Medium,8.73,0,5.437819945679423,4,,18.0
624,41.72710023077489,4.3454200461549775,Low,0.79,1,2.262024186875104,1,6329.11,
625,42.965933133196984,7.593186626639397,Low,0.87,1,2.196560612863008,3,9093.02,
626,32.443921617844076,1.4887843235688152,Low,7.81,1,3.6993588355481117,4,8283.25,
627,30.051975898707095,2.010395179741419,Medium,4.79,1,2.0681774505750576,3,16885.57,9.0
628,,1.8742130799003518,Low,0.23,0,0.3872954049934989,3,9691.05,
629,35.27862456144347,4.055724912288694,Medium,4.87,0,3.80584533817542,4,20344.08,6.0
630,40.47095759235474,2.0941915184709488,Low,1.85,0,2.7992833394592402,5,10684.69,
631,26.537676851425903,0.0,Medium,2.3,0,10.125959648781164,1,10903.68,12.0
632,42.64775159730307,4.529550319460614,Low,7.34,1,1.73406599105568,5,10873.46,
633,34.20996050710505,1.8419921014210103,Medium,8.33,0,4.243396795752745,4,16015.5,16.0
634,32.8655946502629,1.5731189300525799,Low,2.56,1,2.0939886466196134,5,11925.86,
635,29.93947812369916,1.987895624739832,Low,14.7,0,3.1924643413643277,5,9704.2,
636,26.725716640671152,0.34514332813423043,Low,2.61,0,3.0515086302128998,5,6201.91,
637,39.11585291980957,3.8231705839619137,Medium,7.39,0,4.082233806871094,4,21795.43,16.0
638,35.36658983594202,3.0733179671884043,Low,3.31,0,5.757628546414343,2,3197.68,
639,28.55019550129473,2.710039100258946,Low,11.39,1,4.33304116934705,4,2872.72,
640,28.52460613968192,2.704921227936384,High,11.92,1,6.836421100000983,5,32672.69,19.0
641,33.32107650354936,1.6642153007098712,Medium,0.46,1,6.671263525820193,5,16191.81,19.0
642,43.34510762644696,3.6690215252893923,High,13.78,1,4.914396667687265,5,38477.64,12.0
643,33.702043243181976,1.7404086486363952,Low,8.73,0,3.958521895085632,2,1204.11,
644,27.48428523440947,1.4968570468818938,Low,7.83,0,3.593368860803165,4,5150.75,
645,33.77128467957028,2.754256935914056,Medium,1.12,1,7.483735511395646,3,17573.38,11.0
646,33.63638215126165,1.72727643025233,Low,8.18,1,3.2670897925097555,1,590.67,
647,21.515566785292144,0.0,Medium,9.49,0,5.4398014527833,2,12536.54,9.0
648,34.72852566741094,3.945705133482188,Low,1.71,0,1.8419216105893037,2,1025.46,
649,,1.7690654697913217,Low,15.21,1,2.1029000452481537,5,9502.21,
650,38.48103182406709,6.696206364813418,Low,0.26,1,3.9135879231720883,3,7397.95,
651,44.244780474726724,4.848956094945345,Low,0.81,1,2.920938398660775,3,6722.5,
652,40.632825147738785,5.126565029547757,Low,3.86,0,9.757856300257647,5,10227.14,
653,33.65555654722585,0.7311113094451699,Low,4.29,1,1.8417857011578973,3,6063.07,19.0
654,,2.893474091258329,High,5.18,1,1.8781190336657485,1,26051.95,8.0
655,47.8667990162493,3.5733598032498604,Low,0.09,1,2.525114084026011,3,10242.02,
656,35.29609217007244,5.059218434014488,Medium,16.14,1,5.074842325770399,2,18172.64,12.0
657,35.06964645956473,2.013929291912946,Medium,0.23,1,4.032433728710316,2,,17.0
658,34.87937456444998,2.9758749128899966,Low,0.77,0,1.0319322456943048,1,8277.05,
659,35.99042380383928,4.1980847607678555,Low,0.07,1,2.8392684941110278,4,6287.62,
660,34.27819794038029,1.8556395880760577,Medium,4.18,0,3.6528880451287398,2,19838.67,20.0
661,32.13168996559882,0.42633799311976334,Medium,13.46,1,5.826689465341706,3,13556.59,10.0
662,32.26570529379804,2.4531410587596083,Medium,5.48,1,4.264208588493574,5,20575.28,13.0
663,34.83623364892001,2.9672467297840015,Medium,8.65,1,6.742409307896205,3,17073.28,19.0
664,32.282876144331176,2.4565752288662352,High,0.07,0,6.964897719106178,5,32294.64,18.0
665,31.435771086614178,0.2871542173228356,Low,3.9,0,2.203398391977128,3,4505.04,
666,35.53215113845948,4.106430227691897,Low,3.08,0,3.3794671868111363,3,9426.13,
667,,5.745022782579144,Medium,3.46,1,5.499755831958019,5,17778.48,12.0
668,42.51996494291345,3.5039929885826893,Low,0.37,1,0.0,1,3251.35,
669,21.74515095803494,0.3490301916069882,Medium,5.77,0,6.055446182202929,1,6888.63,19.0
670,40.45753425961231,4.091506851922462,Low,3.5,0,4.485944776088008,4,12794.16,
671,41.23042596248815,8.24608519249763,Low,7.24,1,5.1530295532955295,3,4803.76,
672,24.63304883795925,0.0,Medium,3.32,0,2.745617140635697,5,20526.55,17.0
673,33.28656202959826,2.657312405919652,Low,0.81,1,7.738913240441388,5,6853.25,
674,33.142795670021044,1.628559134004209,Low,5.22,0,6.8698832599523625,3,8134.31,
675,27.962441526410892,0.5924883052821783,Low,0.95,0,2.484233533075839,4,8012.42,
676,31.110916562045624,2.2221833124091246,Medium,10.29,0,2.4699032927094673,4,15536.89,14.0
677,29.447120772670857,0.0,Low,4.75,1,4.256517178218267,5,5686.6,
678,43.761352217118116,6.752270443423623,Medium,0.86,1,1.8685883632458697,5,18793.18,19.0
679,39.678391965737305,3.935678393147461,Low,16.4,0,2.741554868476396,5,7938.28,
680,,5.2715550949941585,Medium,3.65,1,3.399282745944023,3,19467.1,6.0
681,38.60836032021618,2.7216720640432355,Medium,0.38,1,6.143350179569751,5,20202.36,6.0
682,29.354741143913856,0.8709482287827711,Low,4.93,1,6.6409694942564315,3,525.58,
683,,3.4754797337202263,Low,1.46,1,1.227169579546054,2,2719.08,
684,37.44687280613959,3.4893745612279177,Low,8.14,0,2.56753106398049,5,,
685,28.889360955540273,1.7778721911080546,Medium,8.51,1,3.4468738612455434,1,5360.91,6.0
686,38.56499215086194,1.712998430172388,Low,19.3,1,3.7034146733895823,5,9123.46,
687,33.79837300920933,1.7596746018418656,Medium,3.48,0,5.484529155232955,2,15929.25,15.0
688,33.12589596225201,2.625179192450402,Low,3.03,1,0.5193370877699656,5,8212.3,
689,38.554799841017456,1.710959968203491,Low,7.0,1,5.954749535370588,3,6474.18,
690,37.2213165574302,5.44426331148604,Low,0.71,1,7.380761146202648,3,6897.8,
691,33.1951691709046,5.639033834180919,Low,3.96,0,2.0468897034516846,2,2611.23,19.0
692,40.79664901682124,2.1593298033642485,Low,3.95,0,3.098101779761155,4,10351.59,
693,29.594683362000513,0.0,Medium,0.47,1,4.6310491639611735,3,18291.39,18.0
694,38.07967803472132,7.615935606944264,Medium,2.71,1,3.469203221779002,4,,18.0
695,,1.5931012579683839,Low,9.6,0,1.0568546947692683,1,2558.55,
696,,1.6904535606860094,High,9.7,0,6.996137721208139,1,34679.31,13.0
697,36.63066511121059,1.326133022242118,Medium,0.52,0,4.927372997304488,1,13837.83,18.0
698,28.744432118073483,2.748886423614697,High,0.48,1,6.145818098021289,3,28644.33,15.0
699,39.6201350960345,3.9240270192069007,Low,1.52,1,6.5926275651731086,5,9149.9,
700,34.075489317785056,3.8150978635570114,Low,10.39,0,1.5190341762160768,5,12638.4,
701,32.3863848974048,5.47727697948096,Low,0.69,1,4.139507661329329,2,660.3,
702,40.245046129184445,7.049009225836889,Medium,6.36,1,2.0967289702595524,4,20827.53,18.0
703,31.478281547286205,2.295656309457241,Low,0.53,1,1.3907234877816097,5,7465.4,
704,27.957693518182204,2.5915387036364406,Low,4.88,1,5.17227769691068,3,1342.01,
705,27.216854132380483,5.443370826476096,Low,2.2,1,2.6589118729880314,3,2750.06,
706,38.0300497567282,4.606009951345639,Low,7.78,1,0.4966601429905584,4,7466.87,13.0
707,28.597853237518585,1.719570647503717,Medium,1.33,1,5.774240151211362,2,11226.34,12.0
708,43.77397090992182,5.754794181984364,Low,5.1,0,1.8351754841006962,1,8093.11,
709,24.59035296058139,0.0,Low,1.34,0,2.2784264114090416,2,-308.18,
710,43.48228184145019,3.6964563682900375,Medium,6.25,0,6.890994805204373,4,19116.68,18.0
711,36.055087336013095,5.211017467202619,High,10.34,0,7.141479341483803,1,29823.32,15.0
712,34.51643444064804,0.9032868881296082,Medium,0.68,0,8.832031811631234,2,14292.46,7.0
713,32.27540456595525,6.45508091319105,High,10.07,0,5.246361215877223,3,31771.77,14.0
714,36.99568057176035,3.3991361143520704,Medium,4.5,0,4.22547912611487,1,12098.44,10.0
715,34.811826487875756,3.9623652975751513,Low,0.68,0,0.9599946164130554,2,5830.25,
716,40.516509410082605,4.103301882016521,Low,2.79,0,4.225285656969344,5,12059.99,
717,35.5711382433102,1.1142276486620404,Medium,0.88,1,2.501349309652193,1,16018.59,9.0
718,35.751508807309385,2.150301761461877,Medium,6.03,1,2.513625407947657,4,11493.33,19.0
719,33.18193893893072,4.636387787786144,Medium,7.11,0,1.6827989304979858,3,16163.53,14.0
720,34.71527188139466,3.9430543762789325,Low,0.56,1,4.390418585490207,4,9646.86,
721,36.5390088444603,4.30780176889206,Low,3.53,1,5.784385712863594,4,6073.43,
722,26.449158036716874,4.289831607343375,Low,8.43,0,0.0,2,646.37,
723,28.259072889471433,0.6518145778942867,Low,13.76,0,2.8409461235169333,5,5547.68,
724,,5.743264094022715,Low,3.6,0,5.248085067128843,3,2647.25,
725,35.85432719063971,2.1708654381279415,Medium,15.01,1,3.3877241313498314,5,21168.15,7.0
726,34.0800833182366,1.8160166636473207,Low,3.84,1,1.662979903558885,3,11661.73,
727,35.09216966532696,2.018433933065393,Low,2.51,0,4.848258221514133,5,7350.37,
728,36.737908526808354,1.3475817053616708,Low,9.43,1,3.550458280306959,5,7947.94,
729,32.30120159845319,1.460240319690638,Medium,3.4,1,2.85803363266752,5,18506.43,18.0
730,31.108476372988438,4.221695274597687,Low,3.19,1,1.817543969063082,4,1415.77,14.0
731,35.97922627548841,3.1958452550976815,Low,3.37,0,4.196885678483285,3,3109.2,
732,30.10813611192484,1.0216272223849678,Low,9.38,1,5.2562867286022295,5,7850.73,
733,37.04126377857236,2.4082527557144715,Low,8.92,1,4.078969654137505,5,6726.47,
734,26.4870819788108,0.29741639576215984,High,2.58,1,6.502451038839839,5,35889.74,12.0
735,40.14577818662822,4.029155637325644,High,2.03,1,5.76324284891938,3,27147.7,19.0
736,37.362987412065216,3.4725974824130432,Low,3.39,1,1.9153481469983127,5,12175.61,10.0
737,36.28014867156938,1.2560297343138758,Low,4.25,1,3.520015550110924,2,8661.54,
738,39.91345491972757,3.9826909839455142,Medium,1.36,1,2.8942091400184022,4,19127.87,12.0
739,43.32737222231288,3.665474444462576,Low,7.9,0,2.182169457980456,2,5253.12,
740,40.07185032509065,4.01437006501813,Low,3.33,0,3.651538880825271,3,6753.22,
741,25.795628843341774,1.1591257686683547,Low,2.03,1,4.690286692748274,5,5837.44,
742,28.602115166321493,0.0,High,0.56,0,4.583372231271415,2,21612.22,19.0
743,31.875907111521606,2.3751814223043213,Low,1.36,1,1.5925388851002007,4,3437.42,
744,35.130455251054165,1.0260910502108331,Low,14.91,1,4.525627672402025,4,6992.55,
745,37.58829510234561,4.5176590204691225,Medium,1.82,1,3.271677915661637,2,11695.6,14.0
746,31.371280934232672,4.274256186846534,Low,0.92,0,1.1158547981500861,3,3034.89,
747,35.93383382238539,5.186766764477078,Low,3.09,1,5.485730822405443,4,8624.3,10.0
748,31.22308533823339,3.244617067646678,High,1.83,1,2.8035082999207397,2,28679.69,15.0
749,31.942410985040258,3.3884821970080514,Low,0.18,0,1.6971347597660715,5,,
750,27.96669451575889,1.5933389031517777,Medium,1.95,0,4.534769014593269,5,,9.0
751,30.38383376944548,0.07676675388909615,Low,3.93,1,2.2397924986410582,2,4135.68,
752,28.24157697191833,1.6483153943836661,Low,4.01,0,5.629469743771993,2,511.45,
753,30.120633735113337,3.0241267470226676,Low,2.2,0,5.6594910244184335,3,30.81,
754,40.2682089830392,3.0536417966078404,Low,2.96,1,3.863971340056098,4,6814.88,
755,,2.0506011111680573,Low,16.84,1,4.161592777943184,3,1869.05,
756,48.161910324186955,4.632382064837391,Medium,2.37,1,7.431569231063757,1,15132.08,19.0
757,37.466589504404446,2.4933179008808892,Low,1.49,0,2.763974309436158,4,4295.2,12.0
758,35.92418061847437,3.1848361236948732,Low,1.4,0,1.2161461131413611,5,,
759,30.708211099093933,3.1416422198187868,Low,3.06,0,5.837393994913683,3,1949.02,
760,38.501549397044954,3.700309879408991,Medium,7.13,1,6.2669879313800365,3,14609.0,13.0
761,32.12181086881113,0.4243621737622263,Low,1.15,0,8.501831211261532,5,8363.79,
762,,4.122009814645361,Low,6.18,0,6.900502956862771,4,10491.54,
763,47.800422691343975,5.560084538268795,Low,0.11,1,2.162272859472979,4,14836.16,14.0
764,34.519700501376754,2.9039401002753507,Low,2.71,1,4.5926185912568265,4,12386.27,
765,40.74636663142838,2.149273326285676,Low,7.48,1,5.560787683319983,5,6303.89,
766,31.48411787437056,4.296823574874113,Medium,2.07,0,3.853219181830795,4,15177.4,6.0
767,34.82505754751519,2.9650115095030385,Low,4.15,1,7.0403840477736646,5,7274.85,
768,43.85400317817755,4.77080063563551,Low,1.15,0,4.4362771126445635,4,9881.73,
769,31.865164711061162,1.3730329422122325,Low,6.77,0,5.953776315533894,4,7300.88,
770,44.062242789984644,4.8124485579969285,Medium,0.27,1,3.9795970097605493,3,15063.44,20.0
771,38.538759677277376,3.7077519354554753,Low,9.57,1,1.6489654782904326,3,3721.94,
772,32.18766612052866,2.4375332241057324,Low,1.1,1,4.430057448604883,5,5445.23,
773,38.1620386952776,5.6324077390555205,Low,10.37,1,2.4484687664153046,3,-2330.08,19.0
774,39.86277224813365,1.9725544496267304,Low,2.17,1,0.6482352537295817,4,4078.06,
775,38.10904981108598,2.6218099622171964,Low,6.41,0,2.926655810592476,2,7222.13,
776,27.148876400547717,3.4297752801095434,Low,1.92,0,3.487806564762085,5,11823.89,
777,31.364314120875658,0.27286282417513164,Low,11.82,0,6.551574321820221,2,7316.44,
778,33.762406822242475,0.7524813644484951,Low,0.68,1,1.647631875957999,5,11480.18,12.0
779,34.62783285449977,3.9255665708999543,Low,0.98,0,3.2278456223607614,4,3889.74,
780,38.10336048775339,1.6206720975506783,Low,3.4,1,3.733342180450797,2,1077.0,
781,35.88850500466627,2.1777010009332542,Low,0.43,1,3.9323469642077833,4,1744.63,
782,28.323278206449494,0.0,Medium,1.09,0,3.6345156715946154,3,11915.06,14.0
783,36.90098925502981,2.3801978510059625,High,14.39,0,2.7432654211574317,3,30641.52,19.0
784,38.05292872641912,3.6105857452838235,High,18.75,1,6.1783014449432105,3,27587.23,11.0
785,37.7989522396552,3.5597904479310403,Medium,2.36,0,3.426949041293534,1,14853.05,16.0
786,40.40390362777311,3.0807807255546225,Medium,12.84,1,2.9808750654459666,5,22036.35,9.0
787,39.16961077274452,3.8339221545489037,Medium,3.94,0,3.8449338425226123,1,12410.45,11.0
788,,4.459180079228437,Low,1.57,0,3.54337195668335,4,3439.13,
789,34.649171442706766,0.9298342885413533,Medium,6.06,0,3.2877296574335864,3,19072.61,8.0
790,26.69519533242004,2.339039066484008,Low,5.38,0,4.533737294932801,4,5444.47,
791,37.14809109566293,2.4296182191325855,Low,22.61,0,0.9654724100625524,3,11253.24,
792,36.03843843581556,5.207687687163111,Medium,1.54,1,6.592511308982142,4,17484.83,18.0
793,,6.271578837195373,Low,5.57,0,0.0,4,7758.22,
794,28.616257120898453,0.7232514241796906,Low,0.27,0,2.112714731196567,4,2829.76,
795,29.594717297958688,0.9189434595917376,High,0.6,0,8.868229253499575,2,26648.31,18.0
796,40.26576426666452,6.053152853332904,Low,0.02,1,0.0,4,3376.74,
797,34.802224230716725,1.960444846143345,Low,37.63,1,1.6054887783817264,3,929.57,
798,38.40750348686312,2.6815006973726243,High,8.1,1,4.380248343328919,1,30905.0,9.0
799,35.14159188065231,4.0283183761304615,Medium,7.73,1,5.43697702262011,3,14180.57,12.0
800,35.14878069747873,3.0297561394957455,Low,3.56,1,2.715885958035597,3,3761.78,
801,39.69141902987999,1.9382838059759977,Low,1.78,0,6.115491943890081,3,3717.01,
802,32.41977635891313,1.4839552717826265,Low,0.82,0,6.989091016111155,4,5327.38,
803,35.48060388470492,3.096120776940984,Medium,1.68,0,4.331542665072534,3,18495.31,15.0
804,32.68862355647479,1.5377247112949575,Low,2.36,1,3.6212606623491843,3,4970.39,
805,32.827518862838424,4.565503772567685,Low,7.06,1,3.573075913900392,1,-974.54,12.0
806,,3.690827876531361,Low,3.88,0,7.179637233421262,4,9781.98,
807,36.110668858168566,1.2221337716337133,Low,0.4,1,2.252357869317691,4,12397.25,19.0
808,32.60625689168261,2.5212513783365225,High,0.09,1,7.281374133935252,3,31005.37,14.0
809,41.278780627867604,6.255756125573521,Low,0.54,1,5.127352388544366,4,10929.63,
810,30.52696348890248,2.105392697780496,Medium,2.64,0,3.561595855372677,4,19767.74,14.0
811,34.06564177919321,1.8131283558386415,Low,13.53,0,4.651097345448822,3,-156.69,
812,32.801344708629124,2.5602689417258246,Medium,5.07,1,1.955391944102519,4,22153.08,7.0
813,42.23488942176866,4.446977884353733,High,8.09,1,10.988638522139262,4,36743.42,20.0
814,35.98277388255787,3.1965547765115745,Low,3.14,1,0.9473455593063375,4,8663.12,
815,40.159222697343175,3.031844539468635,Low,2.24,1,0.4621003377814349,3,5655.46,
816,27.57219813481514,0.0,Low,0.57,0,1.5741856115221657,2,-1497.29,
817,36.33525132934629,4.267050265869258,Medium,10.43,1,2.437759521675998,2,13272.85,9.0
818,,7.889630795623437,Low,7.64,0,0.0,4,9234.82,
819,35.41141994637712,2.0822839892754246,Medium,0.92,0,1.4991805390163828,5,15769.21,7.0
820,40.32740187532676,4.065480375065351,Medium,3.59,0,7.240547535823682,3,15856.24,8.0
821,32.41355774949814,2.4827115498996277,Medium,3.34,1,0.24062872503403687,2,9932.09,8.0
822,42.0467372009279,4.40934744018558,Medium,4.91,0,7.095776709624814,5,,10.0
823,,5.29889812361925,Low,14.61,0,2.4498964305333324,5,7241.02,
824,33.18580719780171,2.6371614395603418,Low,4.33,1,4.042281051961182,5,4263.83,
825,32.77248739299614,1.554497478599228,Low,3.89,1,0.3447306958962405,4,7574.77,
826,42.2669223855885,6.4533844771177,High,0.26,1,9.593766241633524,5,33714.11,13.0
827,42.89786072865356,5.579572145730713,Medium,0.32,0,4.071635572749927,1,13122.2,8.0
828,32.38569986423366,0.47713997284673154,Medium,1.04,1,1.3144694976535358,2,11576.81,7.0
829,32.89906591452071,2.579813182904142,Low,0.17,0,1.5411038385521032,1,10749.17,
830,33.59107695569747,2.7182153911394935,Low,6.8,0,7.863442790273899,4,8540.32,
831,28.277747444828613,2.6555494889657227,Medium,6.42,1,5.240520153299995,1,13799.78,11.0
832,30.40674026757901,1.0813480535158022,Low,0.73,0,3.4553929964573578,3,1755.1,
833,29.97929616623966,1.995859233247932,Low,9.04,0,2.18902916427711,3,5510.11,
834,31.161012174479357,0.23220243489587133,Medium,0.84,0,7.068665897078146,3,13549.04,6.0
835,34.82657556306609,3.9653151126132187,Low,1.79,0,0.9899134232810217,5,6614.97,
836,36.1710736626826,4.23421473253652,Low,1.43,1,4.898989879368108,2,10021.49,
837,42.75250246407038,4.550500492814076,Low,2.33,0,0.608345212659219,3,8268.87,
838,30.008229796306047,0.0016459592612093842,Low,1.47,1,5.555912074986536,5,9568.66,
839,39.92161199238292,4.984322398476584,High,3.36,0,6.981550250048936,1,26069.12,16.0
840,33.93005577887246,2.7860111557744913,Low,2.62,0,0.0,4,2975.38,
841,34.752681451737836,4.950536290347567,Low,21.55,1,0.0,5,8777.88,
842,38.37409746083302,2.674819492166604,Low,0.29,0,2.7685105257470886,5,7954.28,
843,29.386389892188507,2.8772779784377014,Medium,0.77,0,3.0693391729252983,5,,20.0
844,36.912048730920255,3.382409746184051,Low,0.27,0,2.5526722098152184,3,7420.19,9.0
845,35.83226104106528,5.166452208213056,Low,4.92,0,1.095799475416332,4,7362.96,
846,37.462256320040744,1.4924512640081489,Low,0.28,0,2.3687390066099607,1,5975.59,
847,36.44584321953909,3.2891686439078187,Low,9.05,0,5.555130227704246,3,5869.08,
848,47.276500699554475,4.455300139910895,Low,3.59,1,2.6239579325058964,1,2840.23,
849,31.81130007874342,1.3622600157486844,Medium,3.74,1,3.2580693607288245,3,13767.44,9.0
850,32.34501522499091,1.469003044998182,Medium,4.12,1,4.060680660090051,5,18876.2,10.0
851,31.88429736787618,0.37685947357523586,Low,0.94,0,2.107203989744245,3,7163.63,
852,32.22261440419873,1.444522880839746,Low,1.1,0,5.42632350443275,4,7119.38,
853,31.81306436346741,2.3626128726934823,High,1.92,0,7.422405082831921,3,27648.26,12.0
854,40.94508265553776,5.189016531107552,Low,4.5,1,0.3178507511982025,3,9087.53,
855,42.102521239949276,7.4205042479898555,Medium,1.18,0,5.26775735796021,5,21562.77,15.0
856,32.146268531252616,3.429253706250523,Low,0.62,1,4.488072690636627,3,9066.27,
857,,2.167644426895771,High,17.55,0,4.203519381501637,4,31429.48,20.0
858,37.35707778193202,5.471415556386404,Medium,0.11,0,3.0269243569353863,3,12359.43,14.0
859,32.23888477859514,3.4477769557190285,High,8.12,0,5.085816319556395,1,30978.72,10.0
860,38.164659088777555,3.632931817755511,Medium,7.76,1,2.5437916478631086,3,13902.56,11.0
861,36.0146151042565,2.2029230208513,Low,1.76,0,7.013241081176712,5,10089.2,
862,27.42127942501384,0.48425588500276784,High,0.73,1,6.776414918638431,1,27041.41,6.0
863,42.737526006650306,6.547505201330061,Low,0.79,0,2.70923328674495,1,4684.39,
864,43.97938836547761,7.795877673095522,Low,5.98,0,3.3733955364172834,2,5286.42,
865,31.93605654757807,1.3872113095156138,Medium,5.15,1,5.256484327675908,5,13430.78,7.0
866,33.06149220032008,3.6122984400640163,Medium,7.63,0,2.7816469611693573,4,13605.99,13.0
867,,3.285865390724905,High,13.86,0,5.11845954873922,4,35652.26,18.0
868,36.67228394993513,2.3344567899870254,Low,5.89,0,1.3681136214674017,3,6620.86,
869,38.29272136336415,3.65854427267283,Medium,0.85,0,2.5646588504081422,5,25386.44,15.0
870,,4.01020453876635,Medium,1.39,1,6.779312834848023,5,17897.09,12.0
871,34.11526386252975,2.8230527725059504,Low,9.23,1,5.205477909187363,5,8731.08,
872,31.00851377730773,1.201702755461546,Low,1.17,0,1.8483130813087971,5,11691.28,
873,28.103403859927365,0.0,Low,0.38,0,2.3704103893259543,4,3923.21,
874,31.345349800290403,2.2690699600580806,Low,6.07,1,3.942627671487995,3,2812.97,
875,34.83436513563102,1.9668730271262036,High,2.58,0,8.261730438193883,5,33086.85,9.0
876,43.97278931758894,4.794557863517788,Medium,12.63,1,4.177595519297174,5,19458.51,11.0
877,32.41194350481914,3.4823887009638286,Medium,5.25,0,3.8185063986013748,1,14077.78,19.0
878,36.11893975819449,1.2237879516388985,High,0.47,1,6.911923238569825,1,22883.16,16.0
879,34.917885519636236,0.9835771039272473,Low,14.77,1,0.4978574467594492,5,13911.75,
880,40.94196636724042,4.188393273448083,Medium,1.5,1,2.3313525700596887,3,,12.0
881,47.63466212936811,4.526932425873622,Low,2.06,1,2.054942656112747,5,,
882,32.3456561353984,2.46913122707968,Medium,2.57,0,5.041892820475906,3,14438.41,17.0
883,32.552802787408886,3.510560557481777,Low,0.26,0,6.390382095765048,2,2378.36,13.0
884,40.22080438534536,4.044160877069072,High,3.43,1,6.809934492500836,1,28510.22,18.0
885,38.409457448131555,4.681891489626311,Low,0.66,1,1.8082981774050055,2,5619.62,
886,44.23353662868017,5.846707325736034,Low,2.56,1,4.8256541734037,2,7781.23,17.0
887,37.91964092662982,4.583928185325964,Medium,2.16,1,4.599683091881916,3,20643.88,17.0
888,33.203539546064704,2.640707909212941,Low,7.41,0,1.4348011156501757,4,4570.29,13.0
889,37.95327415346155,1.5906548306923098,Medium,8.13,1,3.5182800857588212,5,21913.53,7.0
890,40.54351790291454,4.108703580582907,Low,0.83,1,0.13077288652942243,3,8235.51,
891,39.10241090598682,3.8204821811973644,Medium,2.28,1,6.06044564491424,4,9898.13,17.0
892,37.53637015553649,3.507274031107298,Low,2.34,1,1.0805185455957047,4,5007.69,
893,40.33337344794577,5.066674689589154,Low,0.82,1,4.871669165410449,4,4205.73,
894,40.84647795222836,3.1692955904456723,Low,8.01,1,4.299766664609973,4,9512.97,
895,41.91079495518763,4.382158991037526,Low,6.14,1,5.19688981958064,1,5395.64,
896,38.24354943794821,1.6487098875896422,Low,1.06,0,5.490029513519175,1,4722.49,17.0
897,34.16440959841573,0.8328819196831461,Low,2.28,1,1.3386389073746412,1,1916.11,
898,35.733568432166614,3.1467136864333227,Low,0.56,1,1.6138975719984794,2,3532.44,11.0
899,41.03254483254179,5.206508966508357,Low,4.95,1,4.417032771208657,4,8120.77,
900,30.91532164506382,1.183064329012764,Low,0.65,0,2.978846867832576,2,1979.72,
901,36.84336654436451,2.3686733088729013,Medium,21.32,0,4.518490058947156,5,21700.22,19.0
902,33.0333059383632,4.60666118767264,Low,7.59,0,4.8126881784496485,5,5397.67,
903,,2.0287448229348173,Low,2.47,1,3.718092806461666,5,6683.3,
904,41.39225931303649,4.278451862607298,Medium,4.32,1,6.209137145511336,5,20642.41,13.0
905,35.95549534009952,1.1910990680199034,Low,12.11,1,5.289695505007957,3,4087.31,
906,35.23218274078074,5.046436548156149,Medium,4.04,0,3.703510360414917,4,13720.09,15.0
907,,2.640143859020081,Low,0.96,1,2.9266306900421997,2,4235.92,11.0
908,38.731267830136105,3.746253566027221,Low,2.38,0,4.365558765673986,5,8029.39,
909,38.22742090570538,3.645484181141076,Low,9.26,0,2.068279317910581,5,7111.32,
910,45.8162736165273,6.163254723305459,Medium,5.17,0,5.041100912209122,5,20640.12,10.0
911,33.461108825234994,3.692221765046999,Medium,5.26,0,4.572517572465906,3,12012.47,6.0
912,36.0957516383197,2.2191503276639395,Low,10.08,0,4.112848944150176,5,9116.61,
913,36.246918418553776,4.2493836837107555,Low,11.22,1,5.453035365097758,1,2170.29,
914,42.887266398817374,5.577453279763475,High,12.62,1,8.463224456000134,1,28039.71,7.0
915,34.52352233806524,0.9047044676130482,Low,0.5,0,1.5032480975942344,5,7385.7,
916,36.3951076288517,5.2790215257703395,Low,3.93,1,3.5961375248757994,3,8265.87,
917,38.0394825485827,5.607896509716539,High,6.75,1,3.857579264912435,5,35715.55,12.0
918,35.93304561578179,3.1866091231563587,Medium,7.07,0,4.423777852643977,1,8059.02,20.0
919,32.76783192724736,2.5535663854494715,Low,4.67,0,3.021101668190184,5,11202.53,
920,35.970449964491536,3.194089992898307,Medium,0.91,1,3.055077495854201,3,16743.76,18.0
921,40.36815874929886,2.0736317498597714,Medium,7.98,1,3.9104928276953856,5,21446.18,9.0
922,29.8674235029447,1.97348470058894,Low,6.37,1,2.8261588639157633,5,10637.22,
923,35.66484837073438,3.1329696741468767,Low,0.45,1,6.742437286525691,5,9178.06,
924,31.499395925304135,3.299879185060827,Low,3.12,0,3.2433049718756117,3,6160.13,
925,40.97523314462421,2.1950466289248425,High,0.96,1,6.054892412551747,5,,20.0
926,27.384065476081126,0.4768130952162253,Medium,2.06,0,5.444042148149085,2,15019.55,15.0
927,32.20539076364206,3.4410781527284113,Low,0.09,0,5.323334842614513,1,3095.42,
928,36.8860593753226,4.37721187506452,Medium,2.56,1,10.750708118269152,3,11246.33,16.0
929,42.827620146171704,6.565524029234341,Low,3.99,1,3.7951127670771423,5,13674.68,
930,34.67124869463506,0.9342497389270121,Low,4.83,1,0.0,3,4547.54,
931,32.22400236653401,3.4448004733068016,Low,5.45,0,7.260831339937733,5,7640.43,
932,44.40578534720295,3.88115706944059,Low,9.05,0,3.3744244120699167,4,7553.15,
933,27.75993049791878,1.5519860995837562,Medium,1.21,0,3.556556847689083,2,11443.9,6.0
934,,3.801194043379918,Low,0.64,0,2.7937336520958906,5,7490.1,
935,37.200072250266665,1.440014450053333,Medium,9.54,1,2.5475457582847736,1,10477.27,12.0
936,32.489728878236946,1.497945775647389,Low,0.85,0,2.818260065885132,5,3792.11,
937,29.893835914346433,2.9787671828692863,Low,18.4,0,1.054814587841753,3,785.37,
938,38.541782236496765,4.708356447299353,High,9.24,1,5.742610733715069,4,33853.51,6.0
939,36.219003568855996,2.2438007137711993,Low,3.47,0,0.204997291482864,3,4757.99,
940,32.17960684631636,0.43592136926327213,Low,19.93,0,1.4025147740229413,2,6775.5,18.0
941,28.59847800664553,2.719695601329106,Low,0.51,1,4.0873933864175545,3,3524.96,
942,39.36228664140072,4.872457328280144,Medium,1.81,0,1.7535636407727186,2,17400.0,10.0
943,38.251005889793305,1.650201177958661,Low,5.08,0,1.6810005310039455,2,2571.76,
944,34.50412068110309,2.900824136220618,Low,2.15,0,0.0,2,2595.4,
945,44.23318498023833,2.8466369960476654,Low,13.18,0,5.1151188558254255,3,6875.21,
946,29.649576168369236,3.929915233673847,Low,0.34,1,5.143271327685935,5,7488.98,
947,27.372374145376305,0.0,Medium,3.99,0,5.322643451360091,4,14753.38,16.0
948,31.540459650593778,2.3080919301187555,Low,4.47,1,7.693465370988239,5,5691.75,
949,34.77206991822251,1.9544139836445027,Low,5.29,0,2.532027609624528,4,2197.73,
950,36.21669724661346,1.2433394493226912,Low,1.48,1,0.9882182758749728,4,9136.39,
951,33.79381971071835,1.7587639421436705,Low,2.27,1,5.067678537214654,4,8316.55,
952,36.76027698257148,3.3520553965142965,High,9.28,1,6.748482294383642,3,28510.45,14.0
953,28.74230287904778,4.748460575809556,Low,1.08,0,2.918544320093973,4,6885.11,
954,42.2188230203663,3.44376460407326,High,8.77,0,8.062025452783452,1,28944.43,11.0
955,34.58924410803716,3.917848821607431,Low,4.14,0,1.7835270989334155,5,,
956,40.58647915794064,3.1172958315881276,Low,7.18,1,6.238991810326852,5,6180.52,
957,36.71362673188852,6.342725346377703,Medium,6.25,0,4.91083196312415,2,13962.55,10.0
958,,3.4567532191537835,Low,1.16,0,3.0355953968440477,5,8837.11,6.0
959,37.84883640116102,1.5697672802322047,Medium,4.21,0,1.6705551539461059,1,14053.12,10.0
960,37.23854280008658,2.4477085600173156,High,10.11,0,9.387010511066453,2,34059.12,19.0
961,38.21361379933772,3.6427227598675445,Low,2.83,1,5.832541590456443,1,3271.57,
962,41.64576265066216,2.3291525301324314,Low,16.99,1,3.9697858541774904,5,12558.55,
963,35.98260584850735,2.1965211697014695,Medium,3.01,0,0.8945453009609221,5,18753.07,17.0
964,,4.709003757588512,Low,0.77,0,3.7647252806224443,5,12921.74,
965,34.55132152856387,0.9102643057127736,Low,2.47,0,4.692164236033265,1,5168.81,6.0
966,42.200586077247365,2.4401172154494732,Low,15.15,1,0.9303268749715266,4,7440.17,
967,31.61803848970365,2.32360769794073,Low,1.93,0,1.6270426920149,4,5107.7,
968,44.004702164554075,4.800940432910815,Medium,10.13,1,4.505440753668529,2,,11.0
969,34.79921024677828,2.959842049355656,Low,10.65,1,4.640174529212105,4,4993.62,
970,27.84612448940976,3.569224897881952,Low,2.16,0,6.799588477665206,1,2141.12,
971,35.64052207455395,4.12810441491079,Medium,0.43,0,3.537294079820662,2,13060.71,18.0
972,,1.318948342525119,Low,6.45,0,5.596194621564452,3,5423.26,
973,39.20321774494362,4.840643548988725,Low,1.87,1,3.6868334727609517,4,7357.59,
974,31.736880103488044,1.3473760206976089,Medium,7.64,1,4.030381695993709,2,11269.63,8.0
975,32.7690828339261,3.55381656678522,Low,2.92,0,4.882330327799887,2,6869.74,
976,25.552296345272346,2.110459269054469,Medium,3.32,1,4.607318186515934,2,12829.13,7.0
977,32.73846840375462,2.5476936807509234,Medium,7.52,0,12.161728735021597,2,13386.94,6.0
978,22.88060336685522,1.5761206733710438,Low,2.41,0,6.657714304437968,2,2836.09,
979,,1.416097176514277,Low,2.93,1,1.5616089387377847,3,-1597.46,19.0
980,38.80207328072149,4.760414656144297,Low,2.36,1,0.6269690800797875,4,14030.97,
981,38.92900079325416,2.785800158650832,Low,2.29,1,1.1564992701754802,3,5859.86,
982,37.12728780892483,4.425457561784965,Medium,3.73,1,3.3267785686482347,5,13535.94,17.0
983,30.165119284353935,2.033023856870787,Medium,8.27,0,2.5015439684122525,4,19624.31,12.0
984,34.7614432192901,4.9522886438580205,Low,2.25,0,6.779845482974514,2,1698.12,
985,34.98198730454716,3.9963974609094324,Medium,3.71,0,5.440222889607667,1,16127.54,6.0
986,29.208176554037287,0.8416353108074575,High,5.55,1,4.92156977971535,5,33206.34,10.0
987,42.51699150883575,3.50339830176715,High,1.57,0,7.00515910669009,1,24792.15,15.0
988,39.386811452878355,3.877362290575671,Low,1.63,1,6.447178260472422,2,5661.15,14.0
989,33.89517913085168,4.779035826170336,Low,13.55,1,4.3311470752546315,1,3342.16,
990,35.134429194972654,3.026885838994531,Low,6.43,1,3.169684489316505,4,10482.2,
991,36.04191403973776,4.208382807947553,High,4.3,0,7.828503079820017,4,33774.87,12.0
992,24.791325657878545,0.0,Low,5.22,1,3.6324360635612436,5,3240.03,
993,33.764113087397014,2.752822617479403,Low,0.15,1,4.485212818836552,5,11759.63,13.0
994,31.590078760011007,4.318015752002202,Low,4.81,1,1.8435410796979381,3,3075.82,
995,29.991899950525422,3.9983799901050845,Low,3.56,1,4.490269832491657,3,9159.18,
996,33.594498535570224,1.7188997071140448,Low,3.95,1,2.8472960948646526,3,3654.56,
997,43.988432634247616,5.797686526849523,High,2.23,1,5.975748689372126,2,30163.81,9.0
998,38.20421430633505,1.6408428612670094,Low,0.42,1,2.29783163282566,2,2175.08,
999,32.144105051086015,2.428821010217203,Low,1.07,1,2.6032416586990856,2,1933.03,
1000,37.86291390678079,6.572582781356158,Low,15.05,1,3.530103206559401,2,2283.76,
